GAME_ID,GAME_DATE,SEASON_ID,GAME_DATE_EST,GAME_STATUS_TEXT,HOME_TEAM_ID,VISITOR_TEAM_ID
22500001,,,2025-10-21,7:30 pm ET,1610612760.0,1610612745.0
22500002,,,2025-10-21,10:00 pm ET,1610612747.0,1610612744.0
22500003,,,2025-10-22,7:00 pm ET,1610612752.0,1610612739.0
22500080,,,2025-10-22,7:00 pm ET,1610612766.0,1610612751.0
22500081,,,2025-10-22,7:00 pm ET,1610612753.0,1610612748.0
22500082,,,2025-10-22,7:30 pm ET,1610612737.0,1610612761.0
22500083,,,2025-10-22,7:30 pm ET,1610612738.0,1610612755.0
22500084,,,2025-10-22,8:00 pm ET,1610612741.0,1610612765.0
22500085,,,2025-10-22,8:00 pm ET,1610612763.0,1610612740.0
22500086,,,2025-10-22,8:00 pm ET,1610612749.0,1610612764.0
22500087,,,2025-10-22,9:00 pm ET,1610612762.0,1610612746.0
22500004,,,2025-10-22,9:30 pm ET,1610612742.0,1610612759.0
22500088,,,2025-10-22,10:00 pm ET,1610612756.0,1610612758.0
22500089,,,2025-10-22,10:00 pm ET,1610612757.0,1610612750.0
22500005,,,2025-10-23,7:30 pm ET,1610612754.0,1610612760.0
22500006,,,2025-10-23,10:00 pm ET,1610612744.0,1610612743.0
22500090,,,2025-10-24,7:00 pm ET,1610612753.0,1610612737.0
22500018,,,2025-10-24,7:30 pm ET,1610612752.0,1610612738.0
22500091,,,2025-10-24,7:30 pm ET,1610612751.0,1610612739.0
22500092,,,2025-10-24,7:30 pm ET,1610612761.0,1610612749.0
22500093,,,2025-10-24,8:00 pm ET,1610612745.0,1610612765.0
22500094,,,2025-10-24,8:00 pm ET,1610612763.0,1610612748.0
22500095,,,2025-10-24,8:00 pm ET,1610612740.0,1610612759.0
22500096,,,2025-10-24,8:30 pm ET,1610612742.0,1610612764.0
22500019,,,2025-10-24,10:00 pm ET,1610612747.0,1610612750.0
22500097,,,2025-10-24,10:00 pm ET,1610612757.0,1610612744.0
22500098,,,2025-10-24,10:00 pm ET,1610612758.0,1610612762.0
22500099,,,2025-10-24,10:30 pm ET,1610612746.0,1610612756.0
22500100,,,2025-10-25,7:00 pm ET,1610612753.0,1610612741.0
22500101,,,2025-10-25,7:30 pm ET,1610612737.0,1610612760.0
22500102,,,2025-10-25,7:30 pm ET,1610612755.0,1610612766.0
22500103,,,2025-10-25,8:00 pm ET,1610612763.0,1610612754.0
22500104,,,2025-10-25,9:00 pm ET,1610612743.0,1610612756.0
22500105,,,2025-10-26,2:00 pm ET,1610612759.0,1610612751.0
22500106,,,2025-10-26,3:30 pm ET,1610612765.0,1610612738.0
22500107,,,2025-10-26,6:00 pm ET,1610612739.0,1610612749.0
22500108,,,2025-10-26,6:00 pm ET,1610612748.0,1610612752.0
22500109,,,2025-10-26,6:00 pm ET,1610612764.0,1610612766.0
22500110,,,2025-10-26,7:00 pm ET,1610612750.0,1610612754.0
22500111,,,2025-10-26,7:30 pm ET,1610612742.0,1610612761.0
22500112,,,2025-10-26,9:00 pm ET,1610612746.0,1610612757.0
22500113,,,2025-10-26,9:00 pm ET,1610612758.0,1610612747.0
22500007,,,2025-10-27,7:00 pm ET,1610612765.0,1610612739.0
22500114,,,2025-10-27,7:00 pm ET,1610612755.0,1610612753.0
22500115,,,2025-10-27,8:00 pm ET,1610612741.0,1610612737.0
22500116,,,2025-10-27,8:00 pm ET,1610612745.0,1610612751.0
22500117,,,2025-10-27,8:00 pm ET,1610612740.0,1610612738.0
22500118,,,2025-10-27,8:00 pm ET,1610612759.0,1610612761.0
22500119,,,2025-10-27,8:30 pm ET,1610612742.0,1610612760.0
22500120,,,2025-10-27,9:00 pm ET,1610612762.0,1610612756.0
22500008,,,2025-10-27,9:30 pm ET,1610612750.0,1610612743.0
22500121,,,2025-10-27,10:00 pm ET,1610612744.0,1610612763.0
22500122,,,2025-10-27,10:30 pm ET,1610612747.0,1610612757.0
22500123,,,2025-10-28,7:00 pm ET,1610612764.0,1610612755.0
22500124,,,2025-10-28,7:30 pm ET,1610612748.0,1610612766.0
22500125,,,2025-10-28,8:00 pm ET,1610612749.0,1610612752.0
22500126,,,2025-10-28,8:00 pm ET,1610612760.0,1610612758.0
22500127,,,2025-10-28,11:00 pm ET,1610612744.0,1610612746.0
22500128,,,2025-10-29,7:00 pm ET,1610612738.0,1610612739.0
22500129,,,2025-10-29,7:00 pm ET,1610612765.0,1610612753.0
22500130,,,2025-10-29,7:30 pm ET,1610612751.0,1610612737.0
22500131,,,2025-10-29,7:30 pm ET,1610612761.0,1610612745.0
22500132,,,2025-10-29,8:00 pm ET,1610612741.0,1610612758.0
22500133,,,2025-10-29,8:30 pm ET,1610612742.0,1610612754.0
22500134,,,2025-10-29,9:00 pm ET,1610612743.0,1610612740.0
22500135,,,2025-10-29,9:00 pm ET,1610612762.0,1610612757.0
22500136,,,2025-10-29,9:30 pm ET,1610612750.0,1610612747.0
22500137,,,2025-10-29,10:00 pm ET,1610612756.0,1610612763.0
22500138,,,2025-10-30,7:00 pm ET,1610612766.0,1610612753.0
22500139,,,2025-10-30,8:00 pm ET,1610612749.0,1610612744.0
22500140,,,2025-10-30,8:00 pm ET,1610612760.0,1610612764.0
22500141,,,2025-10-30,8:30 pm ET,1610612759.0,1610612748.0
22500020,,,2025-10-31,7:00 pm ET,1610612754.0,1610612737.0
22500021,,,2025-10-31,7:00 pm ET,1610612755.0,1610612738.0
22500022,,,2025-10-31,7:30 pm ET,1610612739.0,1610612761.0
22500023,,,2025-10-31,8:00 pm ET,1610612741.0,1610612752.0
22500024,,,2025-10-31,9:30 pm ET,1610612763.0,1610612747.0
22500025,,,2025-10-31,10:00 pm ET,1610612756.0,1610612762.0
22500026,,,2025-10-31,10:00 pm ET,1610612757.0,1610612743.0
22500027,,,2025-10-31,10:30 pm ET,1610612746.0,1610612740.0
22500142,,,2025-11-01,5:00 pm ET,1610612749.0,1610612758.0
22500143,,,2025-11-01,6:00 pm ET,1610612766.0,1610612750.0
22500144,,,2025-11-01,7:00 pm ET,1610612754.0,1610612744.0
22500145,,,2025-11-01,7:00 pm ET,1610612764.0,1610612753.0
22500146,,,2025-11-01,8:00 pm ET,1610612738.0,1610612745.0
22500147,,,2025-11-01,10:00 pm ET,1610612765.0,1610612742.0
22500148,,,2025-11-02,3:30 pm ET,1610612760.0,1610612740.0
22500149,,,2025-11-02,6:00 pm ET,1610612751.0,1610612755.0
22500150,,,2025-11-02,6:00 pm ET,1610612766.0,1610612762.0
22500151,,,2025-11-02,6:00 pm ET,1610612739.0,1610612737.0
22500152,,,2025-11-02,6:00 pm ET,1610612761.0,1610612763.0
22500153,,,2025-11-02,7:00 pm ET,1610612752.0,1610612741.0
22500154,,,2025-11-02,8:00 pm ET,1610612756.0,1610612759.0
22500155,,,2025-11-02,9:30 pm ET,1610612747.0,1610612748.0
22500156,,,2025-11-03,7:00 pm ET,1610612751.0,1610612750.0
22500157,,,2025-11-03,7:00 pm ET,1610612754.0,1610612749.0
22500158,,,2025-11-03,7:30 pm ET,1610612738.0,1610612762.0
22500159,,,2025-11-03,7:30 pm ET,1610612752.0,1610612764.0
22500160,,,2025-11-03,8:00 pm ET,1610612745.0,1610612742.0
22500161,,,2025-11-03,8:00 pm ET,1610612763.0,1610612765.0
22500162,,,2025-11-03,9:00 pm ET,1610612743.0,1610612758.0
22500163,,,2025-11-03,10:00 pm ET,1610612757.0,1610612747.0
22500164,,,2025-11-03,10:30 pm ET,1610612746.0,1610612748.0
22500165,,,2025-11-04,7:30 pm ET,1610612761.0,1610612749.0
22500166,,,2025-11-04,8:00 pm ET,1610612737.0,1610612753.0
22500167,,,2025-11-04,8:00 pm ET,1610612741.0,1610612755.0
22500168,,,2025-11-04,8:00 pm ET,1610612740.0,1610612766.0
22500169,,,2025-11-04,10:00 pm ET,1610612744.0,1610612756.0
22500170,,,2025-11-04,11:00 pm ET,1610612746.0,1610612760.0
22500171,,,2025-11-05,7:00 pm ET,1610612739.0,1610612755.0
22500172,,,2025-11-05,7:00 pm ET,1610612765.0,1610612762.0
22500173,,,2025-11-05,7:00 pm ET,1610612754.0,1610612751.0
22500174,,,2025-11-05,7:30 pm ET,1610612738.0,1610612764.0
22500175,,,2025-11-05,7:30 pm ET,1610612752.0,1610612750.0
22500176,,,2025-11-05,8:00 pm ET,1610612763.0,1610612745.0
22500177,,,2025-11-05,8:30 pm ET,1610612742.0,1610612740.0
22500178,,,2025-11-05,9:00 pm ET,1610612743.0,1610612748.0
22500179,,,2025-11-05,10:00 pm ET,1610612747.0,1610612759.0
22500180,,,2025-11-05,10:00 pm ET,1610612757.0,1610612760.0
22500181,,,2025-11-05,10:00 pm ET,1610612758.0,1610612744.0
22500182,,,2025-11-06,9:00 pm ET,1610612756.0,1610612746.0
22500028,,,2025-11-07,7:00 pm ET,1610612753.0,1610612738.0
22500029,,,2025-11-07,7:00 pm ET,1610612764.0,1610612739.0
22500030,,,2025-11-07,7:30 pm ET,1610612737.0,1610612761.0
22500031,,,2025-11-07,7:30 pm ET,1610612751.0,1610612765.0
22500032,,,2025-11-07,7:30 pm ET,1610612759.0,1610612745.0
22500033,,,2025-11-07,8:00 pm ET,1610612748.0,1610612766.0
22500034,,,2025-11-07,8:00 pm ET,1610612763.0,1610612742.0
22500035,,,2025-11-07,8:00 pm ET,1610612749.0,1610612741.0
22500036,,,2025-11-07,8:00 pm ET,1610612750.0,1610612762.0
22500037,,,2025-11-07,10:00 pm ET,1610612743.0,1610612744.0
22500038,,,2025-11-07,10:00 pm ET,1610612758.0,1610612760.0
22500183,,,2025-11-08,7:00 pm ET,1610612764.0,1610612742.0
22500184,,,2025-11-08,7:30 pm ET,1610612755.0,1610612761.0
22500185,,,2025-11-08,8:00 pm ET,1610612737.0,1610612747.0
22500186,,,2025-11-08,8:00 pm ET,1610612739.0,1610612741.0
22500187,,,2025-11-08,8:00 pm ET,1610612748.0,1610612757.0
22500188,,,2025-11-08,8:00 pm ET,1610612759.0,1610612740.0
22500189,,,2025-11-08,9:00 pm ET,1610612743.0,1610612754.0
22500190,,,2025-11-08,10:30 pm ET,1610612746.0,1610612756.0
22500191,,,2025-11-09,3:30 pm ET,1610612749.0,1610612745.0
22500192,,,2025-11-09,6:00 pm ET,1610612752.0,1610612751.0
22500193,,,2025-11-09,6:00 pm ET,1610612753.0,1610612738.0
22500194,,,2025-11-09,6:00 pm ET,1610612763.0,1610612760.0
22500195,,,2025-11-09,7:30 pm ET,1610612755.0,1610612765.0
22500196,,,2025-11-09,8:30 pm ET,1610612744.0,1610612754.0
22500197,,,2025-11-09,9:00 pm ET,1610612758.0,1610612750.0
22500198,,,2025-11-10,7:00 pm ET,1610612766.0,1610612747.0
22500199,,,2025-11-10,7:00 pm ET,1610612765.0,1610612764.0
22500200,,,2025-11-10,7:00 pm ET,1610612753.0,1610612757.0
22500201,,,2025-11-10,7:30 pm ET,1610612748.0,1610612739.0
22500202,,,2025-11-10,8:00 pm ET,1610612741.0,1610612759.0
22500203,,,2025-11-10,8:30 pm ET,1610612742.0,1610612749.0
22500204,,,2025-11-10,9:00 pm ET,1610612756.0,1610612740.0
22500205,,,2025-11-10,9:00 pm ET,1610612762.0,1610612750.0
22500206,,,2025-11-10,10:30 pm ET,1610612746.0,1610612737.0
22500207,,,2025-11-11,7:30 pm ET,1610612751.0,1610612761.0
22500208,,,2025-11-11,7:30 pm ET,1610612752.0,1610612763.0
22500209,,,2025-11-11,8:00 pm ET,1610612755.0,1610612738.0
22500210,,,2025-11-11,8:00 pm ET,1610612760.0,1610612744.0
22500211,,,2025-11-11,9:00 pm ET,1610612762.0,1610612754.0
22500212,,,2025-11-11,11:00 pm ET,1610612758.0,1610612743.0
22500213,,,2025-11-12,7:00 pm ET,1610612766.0,1610612749.0
22500214,,,2025-11-12,7:00 pm ET,1610612765.0,1610612741.0
22500215,,,2025-11-12,7:00 pm ET,1610612752.0,1610612753.0
22500216,,,2025-11-12,7:30 pm ET,1610612738.0,1610612763.0
22500217,,,2025-11-12,7:30 pm ET,1610612748.0,1610612739.0
22500218,,,2025-11-12,8:00 pm ET,1610612745.0,1610612764.0
22500219,,,2025-11-12,8:00 pm ET,1610612740.0,1610612757.0
22500220,,,2025-11-12,8:00 pm ET,1610612759.0,1610612744.0
22500221,,,2025-11-12,8:30 pm ET,1610612742.0,1610612756.0
22500222,,,2025-11-12,9:30 pm ET,1610612760.0,1610612747.0
22500223,,,2025-11-12,10:00 pm ET,1610612758.0,1610612737.0
22500224,,,2025-11-12,10:30 pm ET,1610612746.0,1610612743.0
22500225,,,2025-11-13,7:00 pm ET,1610612739.0,1610612761.0
22500226,,,2025-11-13,9:00 pm ET,1610612756.0,1610612754.0
22500227,,,2025-11-13,9:00 pm ET,1610612762.0,1610612737.0
22500039,,,2025-11-14,7:00 pm ET,1610612752.0,1610612748.0
22500040,,,2025-11-14,7:00 pm ET,1610612753.0,1610612751.0
22500041,,,2025-11-14,7:30 pm ET,1610612765.0,1610612755.0
22500042,,,2025-11-14,8:00 pm ET,1610612745.0,1610612757.0
22500043,,,2025-11-14,8:00 pm ET,1610612749.0,1610612766.0
22500044,,,2025-11-14,8:00 pm ET,1610612750.0,1610612758.0
22500045,,,2025-11-14,8:00 pm ET,1610612740.0,1610612747.0
22500046,,,2025-11-14,8:30 pm ET,1610612742.0,1610612746.0
22500047,,,2025-11-14,9:30 pm ET,1610612759.0,1610612744.0
22500228,,,2025-11-15,5:00 pm ET,1610612739.0,1610612763.0
22500229,,,2025-11-15,7:00 pm ET,1610612766.0,1610612760.0
22500230,,,2025-11-15,7:00 pm ET,1610612754.0,1610612761.0
22500231,,,2025-11-15,8:00 pm ET,1610612749.0,1610612747.0
22500232,,,2025-11-15,8:00 pm ET,1610612750.0,1610612743.0
22500233,,,2025-11-16,3:30 pm ET,1610612738.0,1610612746.0
22500234,,,2025-11-16,4:00 pm ET,1610612759.0,1610612758.0
22500235,,,2025-11-16,6:00 pm ET,1610612764.0,1610612751.0
22500236,,,2025-11-16,7:00 pm ET,1610612745.0,1610612753.0
22500237,,,2025-11-16,7:00 pm ET,1610612740.0,1610612744.0
22500238,,,2025-11-16,7:30 pm ET,1610612742.0,1610612757.0
22500239,,,2025-11-16,8:00 pm ET,1610612756.0,1610612737.0
22500240,,,2025-11-16,8:00 pm ET,1610612762.0,1610612741.0
22500241,,,2025-11-17,7:00 pm ET,1610612739.0,1610612749.0
22500242,,,2025-11-17,7:00 pm ET,1610612765.0,1610612754.0
22500243,,,2025-11-17,7:00 pm ET,1610612755.0,1610612746.0
22500244,,,2025-11-17,7:30 pm ET,1610612748.0,1610612752.0
22500245,,,2025-11-17,7:30 pm ET,1610612761.0,1610612766.0
22500246,,,2025-11-17,8:00 pm ET,1610612750.0,1610612742.0
22500247,,,2025-11-17,8:00 pm ET,1610612740.0,1610612760.0
22500248,,,2025-11-17,9:00 pm ET,1610612743.0,1610612741.0
22500249,,,2025-11-18,7:00 pm ET,1610612753.0,1610612744.0
22500250,,,2025-11-18,7:30 pm ET,1610612751.0,1610612738.0
22500251,,,2025-11-18,8:00 pm ET,1610612737.0,1610612765.0
22500252,,,2025-11-18,8:00 pm ET,1610612759.0,1610612763.0
22500253,,,2025-11-18,10:30 pm ET,1610612747.0,1610612762.0
22500254,,,2025-11-18,11:00 pm ET,1610612757.0,1610612756.0
22500255,,,2025-11-19,7:00 pm ET,1610612739.0,1610612745.0
22500256,,,2025-11-19,7:00 pm ET,1610612754.0,1610612766.0
22500257,,,2025-11-19,7:00 pm ET,1610612748.0,1610612744.0
22500258,,,2025-11-19,7:00 pm ET,1610612755.0,1610612761.0
22500259,,,2025-11-19,8:00 pm ET,1610612750.0,1610612764.0
22500260,,,2025-11-19,8:00 pm ET,1610612740.0,1610612743.0
22500261,,,2025-11-19,8:00 pm ET,1610612760.0,1610612758.0
22500262,,,2025-11-19,9:30 pm ET,1610612742.0,1610612752.0
22500263,,,2025-11-19,10:00 pm ET,1610612757.0,1610612741.0
22500264,,,2025-11-20,7:00 pm ET,1610612753.0,1610612746.0
22500265,,,2025-11-20,8:00 pm ET,1610612763.0,1610612758.0
22500266,,,2025-11-20,8:00 pm ET,1610612749.0,1610612755.0
22500267,,,2025-11-20,8:00 pm ET,1610612759.0,1610612737.0
22500048,,,2025-11-21,7:00 pm ET,1610612739.0,1610612754.0
22500049,,,2025-11-21,7:30 pm ET,1610612738.0,1610612751.0
22500050,,,2025-11-21,7:30 pm ET,1610612761.0,1610612764.0
22500051,,,2025-11-21,8:00 pm ET,1610612741.0,1610612748.0
22500052,,,2025-11-21,8:30 pm ET,1610612742.0,1610612740.0
22500053,,,2025-11-21,9:00 pm ET,1610612756.0,1610612750.0
22500054,,,2025-11-21,9:30 pm ET,1610612745.0,1610612743.0
22500055,,,2025-11-21,10:00 pm ET,1610612762.0,1610612760.0
22500056,,,2025-11-21,10:00 pm ET,1610612744.0,1610612757.0
22500268,,,2025-11-22,1:00 pm ET,1610612766.0,1610612746.0
22500269,,,2025-11-22,5:00 pm ET,1610612753.0,1610612752.0
22500270,,,2025-11-22,7:00 pm ET,1610612740.0,1610612737.0
22500271,,,2025-11-22,8:00 pm ET,1610612741.0,1610612764.0
22500272,,,2025-11-22,8:00 pm ET,1610612749.0,1610612765.0
22500273,,,2025-11-22,8:30 pm ET,1610612742.0,1610612763.0
22500274,,,2025-11-22,10:00 pm ET,1610612743.0,1610612758.0
22500275,,,2025-11-23,1:00 pm ET,1610612755.0,1610612748.0
22500276,,,2025-11-23,6:00 pm ET,1610612737.0,1610612766.0
22500277,,,2025-11-23,6:00 pm ET,1610612738.0,1610612753.0
22500278,,,2025-11-23,6:00 pm ET,1610612739.0,1610612746.0
22500279,,,2025-11-23,6:00 pm ET,1610612761.0,1610612751.0
22500280,,,2025-11-23,7:00 pm ET,1610612760.0,1610612757.0
22500281,,,2025-11-23,8:00 pm ET,1610612756.0,1610612759.0
22500282,,,2025-11-23,8:00 pm ET,1610612762.0,1610612747.0
22500283,,,2025-11-24,7:00 pm ET,1610612754.0,1610612765.0
22500284,,,2025-11-24,7:00 pm ET,1610612761.0,1610612739.0
22500285,,,2025-11-24,7:30 pm ET,1610612751.0,1610612752.0
22500286,,,2025-11-24,7:30 pm ET,1610612748.0,1610612742.0
22500287,,,2025-11-24,8:00 pm ET,1610612763.0,1610612743.0
22500288,,,2025-11-24,8:00 pm ET,1610612749.0,1610612757.0
22500289,,,2025-11-24,8:00 pm ET,1610612740.0,1610612741.0
22500290,,,2025-11-24,9:30 pm ET,1610612756.0,1610612745.0
22500291,,,2025-11-24,10:00 pm ET,1610612744.0,1610612762.0
22500292,,,2025-11-24,10:00 pm ET,1610612758.0,1610612750.0
