GAME_ID,GAME_DATE,HOME_TEAM,AWAY_TEAM,PTS_HOME,PTS_AWAY,TOTAL_POINTS,IS_FINAL,TEAM_ID_x,PACE_HOME,OFFRTG_HOME,DEFRTG_HOME,NETRTG_HOME,TS_HOME,EFG_HOME,TEAM_ID_y,PACE_AWAY,OFFRTG_AWAY,DEFRTG_AWAY,NETRTG_AWAY,TS_AWAY,EFG_AWAY,PACE_DIFF,OFFRTG_DIFF,DEFRTG_DIFF,NETRTG_DIFF,TS_DIFF,EFG_DIFF,HOME_GAMES_LAST3,AWAY_GAMES_LAST3,HOME_GAMES_LAST5,AWAY_GAMES_LAST5,HOME_REST_DAYS,AWAY_REST_DAYS,HOME_B2B,AWAY_B2B,ROAD_TRIP_HOME,ROAD_TRIP_AWAY,ROAD_TRIP_LEN_HOME,ROAD_TRIP_LEN_AWAY,FORMA_HOME_3,FORMA_AWAY_3,DIFESA_HOME_3,DIFESA_AWAY_3,MATCHUP_HOME_3,MATCHUP_AWAY_3,FORMA_HOME_5,FORMA_AWAY_5,DIFESA_HOME_5,DIFESA_AWAY_5,MATCHUP_HOME_5,MATCHUP_AWAY_5,FORMA_HOME_10,FORMA_AWAY_10,DIFESA_HOME_10,DIFESA_AWAY_10,MATCHUP_HOME_10,MATCHUP_AWAY_10,STREAK_HOME,STREAK_AWAY,PDIFF_HOME,PDIFF_AWAY,3IN4_HOME,3IN4_AWAY,4IN6_HOME,4IN6_AWAY,GAMES_LAST4_HOME,GAMES_LAST4_AWAY,GAMES_LAST6_HOME,GAMES_LAST6_AWAY,REST_DIFF,FORMA_SUM_5,FORMA_DIFF_5,DIFESA_SUM_5,REST_ADV_FLAG,LAST_GAME_ROADTRIP_HOME,LAST_GAME_ROADTRIP_AWAY,SEASON_PHASE,COAST_TRAVEL,TREND_HOME,TREND_AWAY,AVG_PACE,H2H_AVG_TOTAL_LASTN,THREEPT_DIFF,REB_DIFF,TOV_DIFF,END_SEASON_FLAG,ALL_STAR_FLAG,PLAYOFF_RACE_FLAG,FATIGUE_HOME,FATIGUE_AWAY,KEY_PLAYERS_OUT_HOME,KEY_PLAYERS_OUT_AWAY,IMPACT_HOME,IMPACT_AWAY
22500001,2025-10-21,OKC,HOU,125.0,124.0,249.0,True,1610612760.0,101.94,110.8,102.4,8.5,,0.525,1610612745.0,102.57,114.5,110.3,4.2,,0.528,-0.6299999999999955,-3.700000000000003,-7.899999999999992,4.3,,-0.003,0,0,0,0,3.0,3.0,0,0,0,1,0,1,,,,,,,,,,,,,,,,,,,1,-1,1.0,-1.0,0,0,0,0,1,1,1,1,0,0,0,0,0,0,0,0,0,1.0,-1.0,102.255,,0,0,0,1,0,1,2,2,1.0,0.0,16.6,0.0
22500002,2025-10-21,LAL,GSW,109.0,119.0,228.0,True,1610612747.0,100.88,110.6,110.1,0.5,,0.54,1610612744.0,102.5,107.5,107.5,0.0,,0.526,-1.6200000000000043,3.0999999999999943,2.5999999999999943,0.5,,0.014,0,0,0,0,3.0,3.0,0,0,0,1,0,1,,,,,,,,,,,,,,,,,,,-1,1,-10.0,10.0,0,0,0,0,1,1,1,1,0,0,0,0,0,0,0,0,0,-10.0,10.0,101.69,,0,0,0,1,0,1,2,2,0.0,1.2,0.0,15.08
22500089,2025-10-22,POR,MIN,114.0,118.0,232.0,True,1610612757.0,106.44,111.2,107.2,4.0,,0.519,1610612750.0,102.16,112.9,111.2,1.7,,0.553,4.280000000000001,-1.7000000000000028,-4.0,2.3,,-0.034,0,0,0,0,3.0,3.0,0,0,0,1,0,1,,,,,,,,,,,,,,,,,,,-1,1,-4.0,4.0,0,0,0,0,1,1,1,1,0,0,0,0,0,0,0,0,0,-4.0,4.0,104.3,,0,0,0,1,0,1,2,2,0.0,0.25,0.0,6.45
22500088,2025-10-22,PHX,SAC,120.0,116.0,236.0,True,1610612756.0,103.38,109.5,110.7,-1.1,,0.539,1610612758.0,102.31,112.3,110.4,1.9,,0.549,1.0699999999999932,-2.799999999999997,0.2999999999999971,-3.0,,-0.01,0,0,0,0,3.0,3.0,0,0,0,1,0,1,,,,,,,,,,,,,,,,,,,1,-1,4.0,-4.0,0,0,0,0,1,1,1,1,0,0,0,0,0,0,0,0,0,4.0,-4.0,102.845,,0,0,0,1,0,1,2,2,1.1,1.0,30.66,14.5
22500087,2025-10-22,UTA,LAC,129.0,108.0,237.0,True,1610612762.0,104.68,107.6,110.7,-3.0,,0.503,1610612746.0,100.81,106.9,109.9,-3.0,,0.533,3.870000000000005,0.6999999999999886,0.7999999999999972,0.0,,-0.03,0,0,0,0,3.0,3.0,0,0,0,1,0,1,,,,,,,,,,,,,,,,,,,1,-1,21.0,-21.0,0,0,0,0,1,1,1,1,0,0,0,0,0,0,0,0,0,21.0,-21.0,102.745,,0,0,0,1,0,1,2,2,1.0,0.0,10.0,0.0
22500085,2025-10-22,MEM,NOP,128.0,122.0,250.0,True,1610612763.0,104.2,108.8,111.5,-2.7,,0.509,1610612740.0,103.58,102.8,114.8,-12.0,,0.48,0.6200000000000045,6.0,-3.299999999999997,9.3,,0.029,0,0,0,0,3.0,3.0,0,0,0,1,0,1,,,,,,,,,,,,,,,,,,,1,-1,6.0,-6.0,0,0,0,0,1,1,1,1,0,0,0,0,0,0,0,0,0,6.0,-6.0,103.89,,0,0,0,1,0,1,2,2,0.0,0.0,0.0,0.0
22500084,2025-10-22,CHI,DET,115.0,111.0,226.0,True,1610612741.0,105.81,112.4,112.3,0.2,,0.552,1610612765.0,102.25,111.9,107.1,4.8,,0.518,3.5600000000000023,0.5,5.200000000000003,-4.6,,0.034,0,0,0,0,3.0,3.0,0,0,0,1,0,1,,,,,,,,,,,,,,,,,,,1,-1,4.0,-4.0,0,0,0,0,1,1,1,1,0,0,0,0,0,0,0,0,0,4.0,-4.0,104.03,,0,0,0,1,0,1,2,2,0.0,0.0,0.0,0.0
22500086,2025-10-22,MIL,WAS,133.0,120.0,253.0,True,1610612749.0,103.36,112.1,114.3,-2.3,,0.557,1610612764.0,104.8,101.7,114.3,-12.6,,0.512,-1.4399999999999975,10.399999999999991,0.0,10.3,,0.045,0,0,0,0,3.0,3.0,0,0,0,1,0,1,,,,,,,,,,,,,,,,,,,1,-1,13.0,-13.0,0,0,0,0,1,1,1,1,0,0,0,0,0,0,0,0,0,13.0,-13.0,104.08,,0,0,0,1,0,1,2,2,0.1,1.0,3.34,10.5
22500082,2025-10-22,ATL,TOR,118.0,138.0,256.0,True,1610612737.0,103.41,112.4,112.0,0.5,,0.542,1610612761.0,105.41,112.2,106.5,5.8,,0.548,-2.0,0.2000000000000028,5.5,-5.3,,-0.006,0,0,0,0,3.0,3.0,0,0,0,1,0,1,,,,,,,,,,,,,,,,,,,-1,1,-20.0,20.0,0,0,0,0,1,1,1,1,0,0,0,0,0,0,0,0,0,-20.0,20.0,104.41,,0,0,0,1,0,1,2,2,0.0,0.0,0.0,0.0
22500081,2025-10-22,ORL,MIA,125.0,121.0,246.0,True,1610612753.0,103.6,105.4,110.7,-5.3,,0.505,1610612748.0,106.33,108.3,108.0,0.3,,0.545,-2.730000000000004,-2.8999999999999915,2.700000000000003,-5.6,,-0.04,0,0,0,0,3.0,3.0,0,0,0,1,0,1,,,,,,,,,,,,,,,,,,,1,-1,4.0,-4.0,0,0,0,0,1,1,1,1,0,0,0,0,0,0,0,0,0,4.0,-4.0,104.965,,0,0,0,1,0,1,2,2,0.0,0.0,0.0,0.0
22500080,2025-10-22,CHA,BKN,136.0,117.0,253.0,True,1610612766.0,103.62,115.6,109.0,6.6,,0.557,1610612751.0,102.16,108.1,117.5,-9.5,,0.502,1.460000000000008,7.5,-8.5,16.1,,0.055,0,0,0,0,3.0,3.0,0,0,0,1,0,1,,,,,,,,,,,,,,,,,,,1,-1,19.0,-19.0,0,0,0,0,1,1,1,1,0,0,0,0,0,0,0,0,0,19.0,-19.0,102.89,,0,0,0,1,0,1,2,2,0.0,0.0,0.0,0.0
22500004,2025-10-22,DAL,SAS,92.0,125.0,217.0,True,1610612742.0,102.0,100.9,105.9,-5.0,,0.487,1610612759.0,100.52,109.9,104.3,5.6,,0.539,1.480000000000004,-9.0,1.6000000000000083,-10.6,,-0.052,0,0,0,0,3.0,3.0,0,0,0,1,0,1,,,,,,,,,,,,,,,,,,,-1,1,-33.0,33.0,0,0,0,0,1,1,1,1,0,0,0,0,0,0,0,0,0,-33.0,33.0,101.26,,0,0,0,1,0,1,2,2,0.0,0.0,0.0,0.0
22500003,2025-10-22,NYK,CLE,119.0,111.0,230.0,True,1610612752.0,101.59,112.5,111.9,0.6,,0.516,1610612739.0,102.45,111.4,109.5,1.9,,0.517,-0.8599999999999994,1.0999999999999943,2.4000000000000057,-1.2999999999999998,,-0.001,0,0,0,0,3.0,3.0,0,0,0,1,0,1,,,,,,,,,,,,,,,,,,,1,-1,8.0,-8.0,0,0,0,0,1,1,1,1,0,0,0,0,0,0,0,0,0,8.0,-8.0,102.02,,0,0,0,1,0,1,2,2,0.35,0.25,6.760000000000001,4.175
22500083,2025-10-22,BOS,PHI,116.0,117.0,233.0,True,1610612738.0,100.03,113.1,106.4,6.8,,0.515,1610612755.0,101.72,110.4,110.3,0.1,,0.514,-1.6899999999999975,2.6999999999999886,-3.899999999999991,6.7,,0.001,0,0,0,0,3.0,3.0,0,0,0,1,0,1,,,,,,,,,,,,,,,,,,,-1,1,-1.0,1.0,0,0,0,0,1,1,1,1,0,0,0,0,0,0,0,0,0,-1.0,1.0,100.875,,0,0,0,1,0,1,2,2,0.25,0.0,7.025,0.0
22500005,2025-10-23,IND,OKC,135.0,141.0,276.0,True,1610612754.0,104.24,108.4,115.2,-6.7,,0.501,1610612760.0,101.94,110.8,102.4,8.5,,0.525,2.299999999999997,-2.3999999999999915,12.799999999999995,-15.2,,-0.024,0,0,0,0,3.0,2.0,0,0,0,1,0,1,,125.0,,124.0,,,,125.0,,124.0,,,,125.0,,124.0,,,-1,2,-6.0,3.5,0,0,0,0,1,2,1,2,0,0,0,0,0,0,0,0,1,-6.0,3.5,103.09,,0,0,0,1,0,1,2,1,1.0,1.0,11.8,16.6
22500006,2025-10-23,GSW,DEN,137.0,131.0,268.0,True,1610612744.0,102.5,107.5,107.5,0.0,,0.526,1610612743.0,102.17,115.4,107.6,7.7,,0.546,0.3299999999999983,-7.900000000000006,-0.0999999999999943,-7.7,,-0.02,0,0,0,0,2.0,3.0,0,0,0,1,0,1,119.0,,109.0,,,,119.0,,109.0,,,,119.0,,109.0,,,,2,-1,8.0,-6.0,0,0,0,0,2,1,2,1,0,0,0,0,0,0,0,0,0,8.0,-6.0,102.335,,0,0,0,1,0,1,1,2,1.0,0.0,11.6,0.0
22500095,2025-10-24,NOP,SAS,116.0,120.0,236.0,True,1610612740.0,103.58,102.8,114.8,-12.0,,0.48,1610612759.0,100.52,109.9,104.3,5.6,,0.539,3.0600000000000023,-7.1000000000000085,10.5,-17.6,,-0.059,0,1,0,1,2.0,2.0,0,0,0,1,0,2,122.0,125.0,128.0,92.0,30.0,-3.0,122.0,125.0,128.0,92.0,30.0,-3.0,122.0,125.0,128.0,92.0,30.0,-3.0,-2,2,-5.0,18.5,0,0,0,0,2,2,2,2,0,0,0,0,0,0,0,0,0,-5.0,18.5,102.05,,0,0,0,1,0,1,1,1,0.0,0.0,0.0,0.0
22500099,2025-10-24,LAC,PHX,129.0,102.0,231.0,True,1610612746.0,100.81,106.9,109.9,-3.0,,0.533,1610612756.0,103.38,109.5,110.7,-1.1,,0.539,-2.569999999999993,-2.5999999999999943,-0.7999999999999972,-1.9,,-0.006,0,0,0,0,2.0,2.0,0,0,0,1,0,1,108.0,120.0,129.0,116.0,-8.0,-9.0,108.0,120.0,129.0,116.0,-8.0,-9.0,108.0,120.0,129.0,116.0,-8.0,-9.0,1,-1,3.0,-11.5,0,0,0,0,2,2,2,2,0,0,0,0,0,0,0,0,0,3.0,-11.5,102.095,,0,0,0,1,0,1,1,1,0.0,1.0,0.0,29.0
22500098,2025-10-24,SAC,UTA,105.0,104.0,209.0,True,1610612758.0,102.31,112.3,110.4,1.9,,0.549,1610612762.0,104.68,107.6,110.7,-3.0,,0.503,-2.3700000000000045,4.700000000000003,-0.2999999999999971,4.9,,0.046,0,0,0,0,2.0,2.0,0,0,0,1,0,1,116.0,129.0,120.0,108.0,8.0,9.0,116.0,129.0,120.0,108.0,8.0,9.0,116.0,129.0,120.0,108.0,8.0,9.0,1,-1,-1.5,10.0,0,0,0,0,2,2,2,2,0,0,0,0,0,0,0,0,0,-1.5,10.0,103.495,,0,0,0,1,0,1,1,1,0.0,1.0,0.0,10.0
22500097,2025-10-24,POR,GSW,139.0,119.0,258.0,True,1610612757.0,106.44,111.2,107.2,4.0,,0.519,1610612744.0,102.5,107.5,107.5,0.0,,0.526,3.9399999999999977,3.700000000000003,-0.2999999999999971,4.0,,-0.007,1,1,1,1,2.0,1.0,0,0,0,1,0,1,114.0,128.0,118.0,120.0,-6.0,10.0,114.0,128.0,118.0,120.0,-6.0,10.0,114.0,128.0,118.0,120.0,-6.0,10.0,1,-1,8.0,-1.3333333333333333,0,1,0,0,2,3,2,3,0,0,0,0,0,0,0,0,0,8.0,-1.3333333333333333,104.47,,0,0,0,1,0,1,1,-2,0.0,0.1,0.0,1.6100000000000003
22500096,2025-10-24,DAL,WAS,107.0,117.0,224.0,True,1610612742.0,102.0,100.9,105.9,-5.0,,0.487,1610612764.0,104.8,101.7,114.3,-12.6,,0.512,-2.799999999999997,-0.7999999999999972,-8.399999999999991,7.6,,-0.025,1,1,1,1,2.0,2.0,0,0,0,1,0,2,92.0,120.0,125.0,133.0,-41.0,-5.0,92.0,120.0,125.0,133.0,-41.0,-5.0,92.0,120.0,125.0,133.0,-41.0,-5.0,-2,1,-21.5,-1.5,0,0,0,0,2,2,2,2,0,0,0,0,0,0,0,0,1,-21.5,-1.5,103.4,,0,0,0,1,0,1,1,1,0.0,1.0,0.0,10.5
22500094,2025-10-24,MEM,MIA,114.0,146.0,260.0,True,1610612763.0,104.2,108.8,111.5,-2.7,,0.509,1610612748.0,106.33,108.3,108.0,0.3,,0.545,-2.1299999999999955,0.5,3.5,-3.0,,-0.036,1,1,1,1,2.0,2.0,0,0,0,1,0,2,128.0,121.0,122.0,125.0,3.0,-1.0,128.0,121.0,122.0,125.0,3.0,-1.0,128.0,121.0,122.0,125.0,3.0,-1.0,-1,1,-13.0,14.0,0,0,0,0,2,2,2,2,0,0,0,0,0,0,0,0,1,-13.0,14.0,105.265,,0,0,0,1,0,1,1,1,0.25,0.0,5.025,0.0
22500090,2025-10-24,ORL,ATL,107.0,111.0,218.0,True,1610612753.0,103.6,105.4,110.7,-5.3,,0.505,1610612737.0,103.41,112.4,112.0,0.5,,0.542,0.1899999999999977,-7.0,-1.2999999999999972,-5.8,,-0.037,1,0,1,0,2.0,2.0,0,0,0,1,0,1,125.0,118.0,121.0,138.0,-13.0,-3.0,125.0,118.0,121.0,138.0,-13.0,-3.0,125.0,118.0,121.0,138.0,-13.0,-3.0,-1,1,0.0,-8.0,0,0,0,0,2,2,2,2,0,0,0,0,0,0,0,0,0,0.0,-8.0,103.505,,0,0,0,1,0,1,1,1,0.0,1.0,0.0,17.6
22500092,2025-10-24,TOR,MIL,116.0,122.0,238.0,True,1610612761.0,105.41,112.2,106.5,5.8,,0.548,1610612749.0,103.36,112.1,114.3,-2.3,,0.557,2.049999999999997,0.1000000000000085,-7.799999999999997,8.1,,-0.009,0,0,0,0,2.0,2.0,0,0,0,1,0,1,138.0,133.0,118.0,120.0,18.0,15.0,138.0,133.0,118.0,120.0,18.0,15.0,138.0,133.0,118.0,120.0,18.0,15.0,-1,2,7.0,9.5,0,0,0,0,2,2,2,2,0,0,0,0,0,0,0,0,0,7.0,9.5,104.385,,0,0,0,1,0,1,1,1,0.0,0.0,0.0,0.0
22500091,2025-10-24,BKN,CLE,124.0,131.0,255.0,True,1610612751.0,102.16,108.1,117.5,-9.5,,0.502,1610612739.0,102.45,111.4,109.5,1.9,,0.517,-0.2900000000000062,-3.3000000000000114,8.0,-11.4,,-0.015,0,1,0,1,2.0,2.0,0,0,0,1,0,2,117.0,111.0,136.0,119.0,-2.0,-25.0,117.0,111.0,136.0,119.0,-2.0,-25.0,117.0,111.0,136.0,119.0,-2.0,-25.0,-2,1,-13.0,-0.5,0,0,0,0,2,2,2,2,0,0,0,0,0,0,0,0,0,-13.0,-0.5,102.305,,0,0,0,1,0,1,1,1,0.0,0.25,0.0,4.175
22500019,2025-10-24,LAL,MIN,128.0,110.0,238.0,True,1610612747.0,100.88,110.6,110.1,0.5,,0.54,1610612750.0,102.16,112.9,111.2,1.7,,0.553,-1.2800000000000011,-2.3000000000000114,-1.1000000000000083,-1.2,,-0.013,1,1,1,1,3.0,2.0,0,0,0,1,0,2,109.0,118.0,119.0,114.0,-5.0,-1.0,109.0,118.0,119.0,114.0,-5.0,-1.0,109.0,118.0,119.0,114.0,-5.0,-1.0,1,-1,4.0,-7.0,0,0,0,0,2,2,2,2,0,0,0,0,0,0,0,0,0,4.0,-7.0,101.52,,0,0,0,1,0,1,2,1,0.0,0.0,0.0,0.0
22500018,2025-10-24,NYK,BOS,105.0,95.0,200.0,True,1610612752.0,101.59,112.5,111.9,0.6,,0.516,1610612738.0,100.03,113.1,106.4,6.8,,0.515,1.5600000000000025,-0.5999999999999943,5.5,-6.2,,0.001,1,0,1,0,2.0,2.0,0,0,0,1,0,1,119.0,116.0,111.0,117.0,2.0,5.0,119.0,116.0,111.0,117.0,2.0,5.0,119.0,116.0,111.0,117.0,2.0,5.0,2,-2,9.0,-5.5,0,0,0,0,2,2,2,2,0,0,0,0,0,0,0,0,0,9.0,-5.5,100.81,,0,0,0,1,0,1,1,1,0.35,0.0,6.760000000000001,0.0
22500093,2025-10-24,HOU,DET,111.0,115.0,226.0,True,1610612745.0,102.57,114.5,110.3,4.2,,0.528,1610612765.0,102.25,111.9,107.1,4.8,,0.518,0.3199999999999932,2.5999999999999943,3.200000000000003,-0.5999999999999996,,0.01,0,1,0,1,3.0,2.0,0,0,0,1,0,2,124.0,111.0,125.0,115.0,9.0,-14.0,124.0,111.0,125.0,115.0,9.0,-14.0,124.0,111.0,125.0,115.0,9.0,-14.0,-2,1,-2.5,0.0,0,0,0,0,2,2,2,2,0,0,0,0,0,0,0,0,1,-2.5,0.0,102.41,,0,0,0,1,0,1,2,1,0.0,0.0,0.0,0.0
22500100,2025-10-25,ORL,CHI,98.0,110.0,208.0,True,1610612753.0,103.6,105.4,110.7,-5.3,,0.505,1610612741.0,105.81,112.4,112.3,0.2,,0.552,-2.210000000000008,-7.0,-1.5999999999999943,-5.5,,-0.047,2,0,2,0,1.0,3.0,1,0,0,1,0,1,116.0,115.0,116.0,111.0,5.0,-1.0,116.0,115.0,116.0,111.0,5.0,-1.0,116.0,115.0,116.0,111.0,5.0,-1.0,-2,2,-4.0,8.0,1,0,0,0,3,2,3,2,0,0,0,0,0,0,0,0,0,-4.0,8.0,104.705,,0,0,0,1,0,1,-3,2,0.0,0.0,0.0,0.0
22500101,2025-10-25,ATL,OKC,100.0,117.0,217.0,True,1610612737.0,103.41,112.4,112.0,0.5,,0.542,1610612760.0,101.94,110.8,102.4,8.5,,0.525,1.4699999999999989,1.6000000000000083,9.599999999999994,-8.0,,0.017,1,1,1,1,1.0,2.0,0,0,0,1,0,2,114.5,133.0,122.5,129.5,-15.0,10.5,114.5,133.0,122.5,129.5,-15.0,10.5,114.5,133.0,122.5,129.5,-15.0,10.5,-1,3,-11.0,8.0,1,0,0,0,3,2,3,3,0,0,0,0,0,0,0,0,1,-11.0,8.0,102.675,,0,0,0,1,0,1,-2,1,2.0,1.0,38.2,16.6
22500102,2025-10-25,PHI,CHA,125.0,121.0,246.0,True,1610612755.0,101.72,110.4,110.3,0.1,,0.514,1610612766.0,103.62,115.6,109.0,6.6,,0.557,-1.9000000000000057,-5.199999999999989,1.2999999999999972,-6.5,,-0.043,0,0,0,0,3.0,3.0,0,0,0,1,0,1,117.0,136.0,116.0,117.0,0.0,20.0,117.0,136.0,116.0,117.0,0.0,20.0,117.0,136.0,116.0,117.0,0.0,20.0,2,-1,2.5,7.5,0,0,0,0,2,2,2,2,0,0,0,0,0,0,0,0,0,2.5,7.5,102.67,,0,0,0,1,0,1,2,2,0.0,0.0,0.0,0.0
22500103,2025-10-25,MEM,IND,128.0,103.0,231.0,True,1610612763.0,104.2,108.8,111.5,-2.7,,0.509,1610612754.0,104.24,108.4,115.2,-6.7,,0.501,-0.039999999999992,0.3999999999999915,-3.700000000000003,4.0,,0.008,2,0,2,0,1.0,2.0,1,0,0,1,0,1,121.0,135.0,134.0,141.0,-20.0,1.0,121.0,135.0,134.0,141.0,-20.0,1.0,121.0,135.0,134.0,141.0,-20.0,1.0,1,-2,-0.3333333333333333,-15.5,1,0,0,0,3,2,3,2,0,0,0,0,0,0,0,0,1,-0.3333333333333333,-15.5,104.22,,0,0,0,1,0,1,-3,1,0.25,1.0,3.0,11.8
22500104,2025-10-25,DEN,PHX,133.0,111.0,244.0,True,1610612743.0,102.17,115.4,107.6,7.7,,0.546,1610612756.0,103.38,109.5,110.7,-1.1,,0.539,-1.2099999999999935,5.900000000000006,-3.1000000000000085,8.8,,0.007,0,1,0,1,2.0,1.0,0,1,0,1,0,2,131.0,111.0,137.0,122.5,8.5,-26.0,131.0,111.0,137.0,122.5,8.5,-26.0,131.0,111.0,137.0,122.5,8.5,-26.0,1,-2,8.0,-15.0,0,1,0,0,2,3,2,3,0,0,0,0,0,0,0,0,0,8.0,-15.0,102.775,,0,0,0,1,0,1,1,-3,0.0,1.0,0.0,29.0
22500111,2025-10-26,DAL,TOR,139.0,129.0,268.0,True,1610612742.0,102.0,100.9,105.9,-5.0,,0.487,1610612761.0,105.41,112.2,106.5,5.8,,0.548,-3.4099999999999966,-11.299999999999995,-0.5999999999999943,-10.8,,-0.061,1,0,2,1,2.0,2.0,0,0,0,1,0,1,99.5,127.0,121.0,120.0,-20.5,6.0,99.5,127.0,121.0,120.0,-20.5,6.0,99.5,127.0,121.0,120.0,-20.5,6.0,1,-2,-11.0,1.3333333333333333,0,0,0,0,2,2,3,3,0,0,0,0,0,0,0,0,1,-11.0,1.3333333333333333,103.705,,0,0,0,1,0,1,1,1,0.0,0.0,0.0,0.0
22500113,2025-10-26,SAC,LAL,120.0,127.0,247.0,True,1610612758.0,102.31,112.3,110.4,1.9,,0.549,1610612747.0,100.88,110.6,110.1,0.5,,0.54,1.4300000000000068,1.7000000000000028,0.3000000000000113,1.4,,0.009,1,0,1,0,2.0,2.0,0,0,0,1,0,1,110.5,118.5,112.0,114.5,-4.0,6.5,110.5,118.5,112.0,114.5,-4.0,6.5,110.5,118.5,112.0,114.5,-4.0,6.5,-1,2,-3.3333333333333335,5.0,0,0,0,0,2,2,3,3,0,0,0,0,0,0,0,0,0,-3.3333333333333335,5.0,101.595,,0,0,0,1,0,1,1,1,0.25,1.0,6.275,40.0
22500112,2025-10-26,LAC,POR,114.0,107.0,221.0,True,1610612746.0,100.81,106.9,109.9,-3.0,,0.533,1610612757.0,106.44,111.2,107.2,4.0,,0.519,-5.6299999999999955,-4.299999999999997,2.700000000000003,-7.0,,0.014,1,0,1,0,2.0,2.0,0,0,0,1,0,1,118.5,126.5,115.5,118.5,0.0,11.0,118.5,126.5,115.5,118.5,0.0,11.0,118.5,126.5,115.5,118.5,0.0,11.0,2,-1,4.333333333333333,3.0,0,0,0,0,2,2,3,3,0,0,0,0,0,0,0,0,0,4.333333333333333,3.0,103.625,,0,0,0,1,0,1,1,1,0.0,0.0,0.0,0.0
22500110,2025-10-26,MIN,IND,114.0,110.0,224.0,True,1610612750.0,102.16,112.9,111.2,1.7,,0.553,1610612754.0,104.24,108.4,115.2,-6.7,,0.501,-2.0799999999999983,4.5,-4.0,8.4,,0.052,0,1,0,1,2.0,1.0,0,1,0,1,0,2,114.0,119.0,121.0,134.5,-20.5,-2.0,114.0,119.0,121.0,134.5,-20.5,-2.0,114.0,119.0,121.0,134.5,-20.5,-2.0,1,-3,-3.3333333333333335,-11.666666666666666,0,1,0,0,2,3,3,3,0,0,0,0,0,0,0,0,1,-3.3333333333333335,-11.666666666666666,103.2,,0,0,0,1,0,1,1,-3,0.0,1.1,0.0,32.18
22500106,2025-10-26,DET,BOS,119.0,113.0,232.0,True,1610612765.0,102.25,111.9,107.1,4.8,,0.518,1610612738.0,100.03,113.1,106.4,6.8,,0.515,2.219999999999999,-1.1999999999999886,0.6999999999999886,-2.0,,0.003,0,1,0,1,2.0,2.0,0,0,0,1,0,2,113.0,105.5,113.0,111.0,2.0,-7.5,113.0,105.5,113.0,111.0,2.0,-7.5,113.0,105.5,113.0,111.0,2.0,-7.5,2,-3,2.0,-5.666666666666667,0,0,0,0,2,2,3,3,0,0,0,0,0,0,0,0,0,2.0,-5.666666666666667,101.14,,0,0,0,1,0,1,1,1,0.0,0.0,0.0,0.0
22500108,2025-10-26,MIA,NYK,115.0,107.0,222.0,True,1610612748.0,106.33,108.3,108.0,0.3,,0.545,1610612752.0,101.59,112.5,111.9,0.6,,0.516,4.739999999999995,-4.200000000000003,-3.9000000000000057,-0.3,,0.029,0,0,0,0,2.0,2.0,0,0,0,1,0,1,133.5,112.0,119.5,103.0,30.5,-7.5,133.5,112.0,119.5,103.0,30.5,-7.5,133.5,112.0,119.5,103.0,30.5,-7.5,2,-1,12.0,3.3333333333333335,0,0,0,0,2,2,3,3,0,0,0,0,0,0,0,0,0,12.0,3.3333333333333335,103.96,,0,0,0,1,0,1,1,1,0.0,0.5,0.0,7.375
22500107,2025-10-26,CLE,MIL,118.0,113.0,231.0,True,1610612739.0,102.45,111.4,109.5,1.9,,0.517,1610612749.0,103.36,112.1,114.3,-2.3,,0.557,-0.9099999999999966,-0.6999999999999886,-4.799999999999997,4.199999999999999,,-0.04,0,1,0,1,2.0,2.0,0,0,0,1,0,2,121.0,127.5,121.5,118.0,3.0,6.0,121.0,127.5,121.5,118.0,3.0,6.0,121.0,127.5,121.5,118.0,3.0,6.0,2,-1,1.3333333333333333,4.666666666666667,0,0,0,0,2,2,3,3,0,0,0,0,0,0,0,0,0,1.3333333333333333,4.666666666666667,102.905,,0,0,0,1,0,1,1,1,0.0,1.0,0.0,12.6
22500105,2025-10-26,SAS,BKN,118.0,107.0,225.0,True,1610612759.0,100.52,109.9,104.3,5.6,,0.539,1610612751.0,102.16,108.1,117.5,-9.5,,0.502,-1.6400000000000006,1.8000000000000114,-13.200000000000005,15.1,,0.037,0,0,0,1,2.0,2.0,0,0,0,1,0,1,122.5,120.5,104.0,133.5,-11.0,16.5,122.5,120.5,104.0,133.5,-11.0,16.5,122.5,120.5,104.0,133.5,-11.0,16.5,3,-3,16.0,-12.333333333333334,0,0,0,0,2,2,3,3,0,0,0,0,0,0,0,0,1,16.0,-12.333333333333334,101.34,,0,0,0,1,0,1,1,1,0.0,0.0,0.0,0.0
22500109,2025-10-26,WAS,CHA,113.0,139.0,252.0,True,1610612764.0,104.8,101.7,114.3,-12.6,,0.512,1610612766.0,103.62,115.6,109.0,6.6,,0.557,1.1799999999999926,-13.899999999999991,5.299999999999997,-19.2,,-0.045,0,1,0,1,2.0,1.0,0,1,0,1,0,2,118.5,128.5,120.0,121.0,-2.5,8.5,118.5,128.5,120.0,121.0,-2.5,8.5,118.5,128.5,120.0,121.0,-2.5,8.5,-1,1,-9.666666666666666,13.666666666666666,0,0,0,0,2,2,3,3,0,0,0,0,0,0,0,0,0,-9.666666666666666,13.666666666666666,104.21,,0,0,0,1,0,1,1,-1,1.0,1.0,10.5,14.5
22500122,2025-10-27,LAL,POR,108.0,122.0,230.0,True,1610612747.0,100.88,110.6,110.1,0.5,,0.54,1610612757.0,106.44,111.2,107.2,4.0,,0.519,-5.560000000000002,-0.6000000000000085,2.8999999999999915,-3.5,,0.021,1,1,1,1,1.0,1.0,0,1,0,1,0,2,121.33333333333331,120.0,116.33333333333331,117.0,4.333333333333329,3.6666666666666714,121.33333333333331,120.0,116.33333333333331,117.0,4.333333333333329,3.6666666666666714,121.33333333333331,120.0,116.33333333333331,117.0,4.333333333333329,3.6666666666666714,-1,1,0.25,5.75,1,1,1,1,3,3,4,4,0,0,0,0,0,0,0,0,0,0.25,5.75,103.66,,0,0,0,1,0,1,-5,-6,1.0,0.0,40.0,0.0
22500121,2025-10-27,GSW,MEM,131.0,118.0,249.0,True,1610612744.0,102.5,107.5,107.5,0.0,,0.526,1610612763.0,104.2,108.8,111.5,-2.7,,0.509,-1.7000000000000028,-1.2999999999999972,-4.0,2.7,,0.017,0,0,1,0,3.0,2.0,0,0,0,1,0,1,125.0,123.33333333333331,126.33333333333331,123.66666666666669,1.3333333333333286,-3.0,125.0,123.33333333333331,126.33333333333331,123.66666666666669,1.3333333333333286,-3.0,125.0,123.33333333333331,126.33333333333331,123.66666666666669,1.3333333333333286,-3.0,1,-1,2.25,-3.5,0,1,1,1,2,3,4,4,0,0,0,0,0,0,0,0,0,2.25,-3.5,103.35,,0,0,0,1,0,1,-1,-4,0.0,0.0,0.0,0.0
22500120,2025-10-27,UTA,PHX,138.0,134.0,272.0,True,1610612762.0,104.68,107.6,110.7,-3.0,,0.503,1610612756.0,103.38,109.5,110.7,-1.1,,0.539,1.3000000000000114,-1.9000000000000057,0.0,-1.9,,-0.036,0,2,1,2,3.0,2.0,0,0,0,1,0,3,116.5,111.0,106.5,126.0,-9.5,4.5,116.5,111.0,106.5,126.0,-9.5,4.5,116.5,111.0,106.5,126.0,-9.5,4.5,1,-3,8.0,-12.25,0,1,0,1,2,3,3,4,0,0,0,0,0,0,0,0,0,8.0,-12.25,104.03,,0,0,0,1,0,1,2,-5,1.0,1.25,10.0,33.825
22500119,2025-10-27,DAL,OKC,94.0,101.0,195.0,True,1610612742.0,102.0,100.9,105.9,-5.0,,0.487,1610612760.0,101.94,110.8,102.4,8.5,,0.525,0.0600000000000022,-9.899999999999991,3.5,-13.5,,-0.038,2,1,3,2,1.0,2.0,1,0,0,1,0,3,112.66666666666669,127.66666666666669,123.66666666666669,119.66666666666669,-7.0,4.0,112.66666666666669,127.66666666666669,123.66666666666669,119.66666666666669,-7.0,4.0,112.66666666666669,127.66666666666669,123.66666666666669,119.66666666666669,-7.0,4.0,-1,4,-10.0,7.75,1,0,1,1,3,2,4,4,0,0,0,0,0,0,0,0,0,-10.0,7.75,101.97,,0,0,0,1,0,1,-6,-3,0.0,1.0,0.0,16.6
22500118,2025-10-27,SAS,TOR,121.0,103.0,224.0,True,1610612759.0,100.52,109.9,104.3,5.6,,0.539,1610612761.0,105.41,112.2,106.5,5.8,,0.548,-4.890000000000001,-2.299999999999997,-2.200000000000003,-0.2000000000000001,,-0.009,1,1,1,2,1.0,1.0,1,1,0,1,0,2,121.0,127.66666666666669,105.0,126.33333333333331,-5.333333333333329,22.66666666666667,121.0,127.66666666666669,105.0,126.33333333333331,-5.333333333333329,22.66666666666667,121.0,127.66666666666669,105.0,126.33333333333331,-5.333333333333329,22.66666666666667,4,-3,16.5,-3.5,1,1,1,1,3,3,4,4,0,0,0,0,0,0,0,0,1,16.5,-3.5,102.965,,0,0,0,1,0,1,-6,-6,0.0,0.0,0.0,0.0
22500116,2025-10-27,HOU,BKN,137.0,109.0,246.0,True,1610612745.0,102.57,114.5,110.3,4.2,,0.528,1610612751.0,102.16,108.1,117.5,-9.5,,0.502,0.4099999999999966,6.400000000000006,-7.200000000000003,13.7,,0.026,1,1,1,2,3.0,1.0,0,1,0,1,0,2,117.5,116.0,120.0,128.33333333333334,-10.833333333333345,-4.0,117.5,116.0,120.0,128.33333333333334,-10.833333333333345,-4.0,117.5,116.0,120.0,128.33333333333334,-10.833333333333345,-4.0,1,-4,7.666666666666667,-16.25,0,1,0,1,2,3,3,4,0,0,0,0,0,0,0,0,1,7.666666666666667,-16.25,102.365,,0,0,0,1,0,1,2,-6,0.0,1.0,0.0,9.6
22500115,2025-10-27,CHI,ATL,128.0,123.0,251.0,True,1610612741.0,105.81,112.4,112.3,0.2,,0.552,1610612737.0,103.41,112.4,112.0,0.5,,0.542,2.4000000000000057,0.0,0.2999999999999971,-0.3,,0.01,0,1,1,1,2.0,2.0,0,0,0,1,0,1,112.5,109.66666666666669,104.5,120.66666666666669,-8.166666666666671,5.166666666666671,112.5,109.66666666666669,104.5,120.66666666666669,-8.166666666666671,5.166666666666671,112.5,109.66666666666669,104.5,120.66666666666669,-8.166666666666671,5.166666666666671,3,-2,7.0,-9.5,0,1,0,1,2,3,3,4,0,0,0,0,0,0,0,0,0,7.0,-9.5,104.61,,0,0,0,1,0,1,1,-4,0.25,0.5,5.575,9.55
22500114,2025-10-27,PHI,ORL,136.0,124.0,260.0,True,1610612755.0,101.72,110.4,110.3,0.1,,0.514,1610612753.0,103.6,105.4,110.7,-5.3,,0.505,-1.8799999999999957,5.0,-0.4000000000000057,5.3999999999999995,,0.009,1,0,1,0,2.0,2.0,0,0,0,1,0,1,121.0,110.0,118.5,114.0,7.0,-8.5,121.0,110.0,118.5,114.0,7.0,-8.5,121.0,110.0,118.5,114.0,7.0,-8.5,3,-3,5.666666666666667,-6.0,0,1,0,1,2,3,3,4,0,0,0,0,0,0,0,0,0,5.666666666666667,-6.0,102.66,,0,0,0,1,0,1,1,-4,1.0,0.0,17.8,0.0
22500008,2025-10-27,MIN,DEN,114.0,127.0,241.0,True,1610612750.0,102.16,112.9,111.2,1.7,,0.553,1610612743.0,102.17,115.4,107.6,7.7,,0.546,-0.0100000000000051,-2.5,3.6000000000000085,-6.0,,0.007,1,0,1,1,1.0,2.0,1,0,0,1,0,1,114.0,132.0,117.33333333333331,124.0,-10.0,14.666666666666671,114.0,132.0,117.33333333333331,124.0,-10.0,14.666666666666671,114.0,132.0,117.33333333333331,124.0,-10.0,14.666666666666671,-1,2,-5.75,9.666666666666666,1,0,1,0,3,2,4,3,0,0,0,0,0,0,0,0,0,-5.75,9.666666666666666,102.165,,0,0,0,1,0,1,-6,1,1.0,0.0,25.8,0.0
22500007,2025-10-27,DET,CLE,95.0,116.0,211.0,True,1610612765.0,102.25,111.9,107.1,4.8,,0.518,1610612739.0,102.45,111.4,109.5,1.9,,0.517,-0.2000000000000028,0.5,-2.4000000000000057,2.9,,0.001,1,1,1,2,1.0,1.0,1,0,0,1,0,1,115.0,120.0,113.0,118.66666666666669,-3.6666666666666714,7.0,115.0,120.0,113.0,118.66666666666669,-3.6666666666666714,7.0,115.0,120.0,113.0,118.66666666666669,-3.6666666666666714,7.0,-1,3,-3.75,6.25,1,1,1,1,3,3,4,4,0,0,0,0,0,0,0,0,0,-3.75,6.25,102.35,,0,0,0,1,0,1,-6,-5,0.1,0.0,2.5600000000000005,0.0
22500117,2025-10-27,NOP,BOS,90.0,122.0,212.0,True,1610612740.0,103.58,102.8,114.8,-12.0,,0.48,1610612738.0,100.03,113.1,106.4,6.8,,0.515,3.549999999999997,-10.299999999999995,8.399999999999991,-18.8,,-0.035,1,2,1,2,3.0,1.0,0,1,0,1,0,3,119.0,108.0,124.0,113.66666666666669,5.333333333333329,-16.0,119.0,108.0,124.0,113.66666666666669,5.333333333333329,-16.0,119.0,108.0,124.0,113.66666666666669,5.333333333333329,-16.0,-3,1,-14.0,3.75,0,1,0,1,2,3,3,4,0,0,0,0,0,0,0,0,1,-14.0,3.75,101.805,,0,0,0,1,0,1,2,-7,0.25,0.25,5.7,7.025
22500127,2025-10-28,GSW,LAC,98.0,79.0,177.0,True,1610612744.0,102.5,107.5,107.5,0.0,,0.526,1610612746.0,100.81,106.9,109.9,-3.0,,0.533,1.6899999999999975,0.5999999999999943,-2.4000000000000057,3.0,,-0.007,1,0,2,0,1.0,2.0,1,0,0,1,0,1,129.0,117.0,129.33333333333334,112.66666666666669,16.33333333333333,-12.333333333333345,126.5,117.0,124.25,112.66666666666669,13.833333333333329,-7.25,126.5,117.0,124.25,112.66666666666669,13.833333333333329,-7.25,2,-1,5.6,-1.5,0,0,1,1,2,2,4,4,0,0,0,0,0,0,0,0,0,5.6,-1.5,101.655,,0,0,0,1,0,1,-4,-2,0.0,0.0,0.0,0.0
22500126,2025-10-28,OKC,SAC,107.0,101.0,208.0,True,1610612760.0,101.94,110.8,102.4,8.5,,0.525,1610612758.0,102.31,112.3,110.4,1.9,,0.549,-0.3700000000000045,-1.5,-8.0,6.6,,-0.024,0,0,0,0,1.0,2.0,0,0,0,1,0,1,119.66666666666669,113.66666666666669,109.66666666666669,117.0,2.6666666666666714,4.0,121.0,113.66666666666669,113.25,117.0,4.0,0.4166666666666714,121.0,113.66666666666669,113.25,117.0,4.0,0.4166666666666714,5,-2,7.4,-4.0,1,0,1,1,3,2,4,4,0,0,0,0,0,0,0,0,0,7.4,-4.0,102.125,,0,0,0,1,0,1,-5,-2,2.0,0.0,35.400000000000006,0.0
22500123,2025-10-28,WAS,PHI,134.0,139.0,273.0,True,1610612764.0,104.8,101.7,114.3,-12.6,,0.512,1610612755.0,101.72,110.4,110.3,0.1,,0.514,3.0799999999999983,-8.700000000000003,4.0,-12.7,,-0.002,1,0,1,0,2.0,1.0,0,0,0,1,0,1,116.66666666666669,126.0,126.33333333333331,120.33333333333331,-3.666666666666657,-0.3333333333333286,116.66666666666669,126.0,126.33333333333331,120.33333333333331,-3.666666666666657,-0.3333333333333286,116.66666666666669,126.0,126.33333333333331,120.33333333333331,-3.666666666666657,-0.3333333333333286,-2,4,-8.5,5.5,0,1,1,1,2,3,4,4,0,0,0,0,0,0,0,0,0,-8.5,5.5,103.26,,0,0,0,1,0,1,-2,-5,1.0,0.0,10.5,0.0
22500124,2025-10-28,MIA,CHA,144.0,117.0,261.0,True,1610612748.0,106.33,108.3,108.0,0.3,,0.545,1610612766.0,103.62,115.6,109.0,6.6,,0.557,2.7099999999999937,-7.299999999999997,-1.0,-6.3,,-0.012,1,2,1,2,2.0,2.0,0,0,0,1,0,3,127.33333333333331,132.0,115.33333333333331,118.33333333333331,9.0,16.66666666666667,127.33333333333331,132.0,115.33333333333331,118.33333333333331,9.0,16.66666666666667,127.33333333333331,132.0,115.33333333333331,118.33333333333331,9.0,16.66666666666667,3,-1,15.75,3.5,0,1,1,1,2,3,4,4,0,0,0,0,0,0,0,0,0,15.75,3.5,104.975,,0,0,0,1,0,1,-2,-5,0.35,1.0,7.045,14.5
22500125,2025-10-28,MIL,NYK,121.0,111.0,232.0,True,1610612749.0,103.36,112.1,114.3,-2.3,,0.557,1610612752.0,101.59,112.5,111.9,0.6,,0.516,1.769999999999996,-0.4000000000000057,2.3999999999999915,-2.9,,0.041,0,1,0,1,2.0,2.0,0,0,0,1,0,2,122.66666666666669,110.33333333333331,118.0,107.0,15.666666666666671,-7.666666666666671,122.66666666666669,110.33333333333331,118.0,107.0,15.666666666666671,-7.666666666666671,122.66666666666669,110.33333333333331,118.0,107.0,15.666666666666671,-7.666666666666671,1,-2,6.0,0.0,0,0,1,1,2,2,4,4,0,0,0,0,0,0,0,0,0,6.0,0.0,102.475,,0,0,0,1,0,1,-2,-2,0.1,1.1,1.1800000000000002,11.68
22500128,2025-10-29,BOS,CLE,125.0,105.0,230.0,True,1610612738.0,100.03,113.1,106.4,6.8,,0.515,1610612739.0,102.45,111.4,109.5,1.9,,0.517,-2.4200000000000017,1.6999999999999886,-3.0999999999999943,4.9,,-0.002,0,1,0,2,2.0,2.0,0,0,0,1,0,2,110.0,121.66666666666669,104.66666666666669,110.66666666666669,-0.6666666666666714,17.0,111.5,119.0,107.75,112.75,-1.25,11.25,111.5,119.0,107.75,112.75,-1.25,11.25,2,-1,7.0,1.0,1,1,1,1,3,3,4,4,0,0,0,0,0,0,0,0,0,7.0,1.0,101.24,,0,0,0,1,0,1,-4,-4,0.1,1.25,2.8100000000000005,23.924999999999997
22500129,2025-10-29,DET,ORL,135.0,116.0,251.0,True,1610612765.0,102.25,111.9,107.1,4.8,,0.518,1610612753.0,103.6,105.4,110.7,-5.3,,0.505,-1.3499999999999943,6.5,-3.6000000000000085,10.1,,0.013,2,1,2,1,2.0,2.0,0,0,0,1,0,2,109.66666666666669,109.66666666666669,113.33333333333331,119.0,-9.333333333333329,-3.666666666666657,110.0,113.5,113.75,119.5,-9.5,-0.25,110.0,113.5,113.75,119.5,-9.5,-0.25,1,-4,0.8,-8.6,1,0,1,1,3,2,4,4,0,0,0,0,0,0,0,0,0,0.8,-8.6,102.925,,0,0,0,1,0,1,-4,-2,0.25,0.0,3.475,0.0
22500130,2025-10-29,BKN,ATL,112.0,117.0,229.0,True,1610612751.0,102.16,108.1,117.5,-9.5,,0.502,1610612737.0,103.41,112.4,112.0,0.5,,0.542,-1.25,-4.300000000000011,5.5,-10.0,,-0.04,0,1,1,2,2.0,2.0,0,0,0,1,0,2,113.33333333333331,111.33333333333331,128.66666666666666,117.33333333333331,-4.0,-17.33333333333333,114.25,113.0,130.5,122.5,-8.25,-17.5,114.25,113.0,130.5,122.5,-8.25,-17.5,-5,1,-14.0,-6.6,1,0,1,1,3,2,4,4,0,0,0,0,0,0,0,0,0,-14.0,-6.6,102.785,,0,0,0,1,0,1,-4,-2,1.0,0.1,9.6,2.06
22500131,2025-10-29,TOR,HOU,121.0,139.0,260.0,True,1610612761.0,105.41,112.2,106.5,5.8,,0.548,1610612745.0,102.57,114.5,110.3,4.2,,0.528,2.8400000000000034,-2.299999999999997,-3.799999999999997,1.5999999999999996,,0.02,0,0,1,0,2.0,2.0,0,0,0,1,0,1,116.0,124.0,127.33333333333331,116.33333333333331,-0.3333333333333286,-3.3333333333333286,121.5,124.0,125.0,116.33333333333331,5.166666666666671,-1.0,121.5,124.0,125.0,116.33333333333331,5.166666666666671,-1.0,-4,2,-6.4,10.25,1,0,1,0,3,2,4,3,0,0,0,0,0,0,0,0,1,-6.4,10.25,103.99,,0,0,0,1,0,1,-4,1,0.0,0.0,0.0,0.0
22500132,2025-10-29,CHI,SAC,126.0,113.0,239.0,True,1610612741.0,105.81,112.4,112.3,0.2,,0.552,1610612758.0,102.31,112.3,110.4,1.9,,0.549,3.5,0.1000000000000085,1.8999999999999917,-1.7,,0.003,1,1,1,1,2.0,1.0,0,1,0,1,0,2,117.66666666666669,108.66666666666669,110.66666666666669,112.66666666666669,5.0,-2.0,117.66666666666669,110.5,110.66666666666669,114.5,3.1666666666666714,-0.1666666666666714,117.66666666666669,110.5,110.66666666666669,114.5,3.1666666666666714,-0.1666666666666714,4,-3,8.5,-5.8,0,1,0,1,2,3,3,4,0,0,0,0,0,0,0,0,1,8.5,-5.8,104.06,,0,0,0,1,0,1,1,-6,0.0,0.0,0.0,0.0
22500133,2025-10-29,DAL,IND,107.0,105.0,212.0,True,1610612742.0,102.0,100.9,105.9,-5.0,,0.487,1610612754.0,104.24,108.4,115.2,-6.7,,0.501,-2.239999999999995,-7.5,-9.299999999999995,1.7000000000000002,,-0.014,2,1,3,2,2.0,3.0,0,0,0,1,0,3,113.33333333333331,116.0,115.66666666666669,127.66666666666669,-14.333333333333345,0.3333333333333286,108.0,116.0,118.0,127.66666666666669,-19.66666666666667,-2.0,108.0,116.0,118.0,127.66666666666669,-19.66666666666667,-2.0,1,-4,-7.6,-9.25,1,0,1,1,3,2,4,4,0,0,0,0,0,0,0,0,1,-7.6,-9.25,103.12,,0,0,0,1,0,1,-4,-2,0.1,2.0,2.08,45.0
22500134,2025-10-29,DEN,NOP,122.0,88.0,210.0,True,1610612743.0,102.17,115.4,107.6,7.7,,0.546,1610612740.0,103.58,102.8,114.8,-12.0,,0.48,-1.4099999999999966,12.600000000000009,-7.200000000000003,19.7,,0.066,0,0,1,0,2.0,2.0,0,0,0,1,0,1,130.33333333333334,109.33333333333331,120.66666666666669,123.33333333333331,7.000000000000014,-11.333333333333345,130.33333333333334,109.33333333333331,120.66666666666669,123.33333333333331,7.000000000000014,-11.333333333333345,130.33333333333334,109.33333333333331,120.66666666666669,123.33333333333331,7.000000000000014,-11.333333333333345,3,-4,15.75,-19.0,0,0,1,0,2,2,4,3,0,0,0,0,0,0,0,0,0,15.75,-19.0,102.875,,0,0,0,1,0,1,-2,1,0.0,0.25,0.0,5.7
22500135,2025-10-29,UTA,POR,134.0,136.0,270.0,True,1610612762.0,104.68,107.6,110.7,-3.0,,0.503,1610612757.0,106.44,111.2,107.2,4.0,,0.519,-1.759999999999991,-3.6000000000000085,3.5,-7.0,,-0.016,1,2,1,2,2.0,2.0,0,0,0,1,0,3,123.66666666666669,122.66666666666669,115.66666666666669,113.66666666666669,10.0,7.0,123.66666666666669,120.5,115.66666666666669,114.75,8.916666666666671,4.833333333333329,123.66666666666669,120.5,115.66666666666669,114.75,8.916666666666671,4.833333333333329,-1,2,5.5,5.0,0,1,0,1,2,3,3,4,0,0,0,0,0,0,0,0,0,5.5,5.0,105.56,,0,0,0,1,0,1,1,-5,1.0,0.0,10.0,0.0
22500136,2025-10-29,MIN,LAL,115.0,116.0,231.0,True,1610612750.0,102.16,112.9,111.2,1.7,,0.553,1610612747.0,100.88,110.6,110.1,0.5,,0.54,1.2800000000000011,2.3000000000000114,1.1000000000000083,1.2,,0.013,2,1,2,1,2.0,2.0,0,0,0,1,0,1,112.66666666666669,121.0,121.66666666666669,117.33333333333331,-4.666666666666657,-0.6666666666666714,114.0,118.0,119.75,117.75,-3.75,-1.75,114.0,118.0,119.75,117.75,-3.75,-1.75,-2,1,-4.8,0.4,1,1,1,1,3,3,4,4,0,0,0,0,0,0,0,0,0,-4.8,0.4,101.52,238.0,0,0,0,1,0,1,-4,-4,1.0,1.0,25.8,40.0
22500137,2025-10-29,PHX,MEM,113.0,114.0,227.0,True,1610612756.0,103.38,109.5,110.7,-1.1,,0.539,1610612763.0,104.2,108.8,111.5,-2.7,,0.509,-0.8200000000000074,0.7000000000000028,-0.7999999999999972,1.6,,0.03,0,1,0,1,2.0,2.0,0,0,0,1,0,2,115.66666666666669,120.0,133.33333333333334,126.66666666666669,-11.0,-13.333333333333345,116.75,122.0,129.0,125.5,-8.75,-7.0,116.75,122.0,129.0,125.5,-8.75,-7.0,-4,1,-10.0,-2.6,0,0,1,1,2,2,4,4,0,0,0,0,0,0,0,0,0,-10.0,-2.6,103.79,,0,0,0,1,0,1,-2,-2,1.25,0.25,26.55,3.0
22500141,2025-10-30,SAS,MIA,107.0,101.0,208.0,True,1610612759.0,100.52,109.9,104.3,5.6,,0.539,1610612748.0,106.33,108.3,108.0,0.3,,0.545,-5.810000000000002,1.6000000000000083,-3.700000000000003,5.3,,-0.006,1,0,2,0,3.0,2.0,0,0,0,1,0,1,119.66666666666669,135.0,108.66666666666669,112.66666666666669,7.0,26.33333333333333,121.0,131.5,104.5,115.75,5.25,27.0,121.0,131.5,104.5,115.75,5.25,27.0,5,-1,14.4,11.4,0,0,1,1,2,2,4,4,0,0,0,0,0,0,0,0,1,14.4,11.4,103.425,,0,0,0,1,0,1,-1,-2,0.0,0.5,0.0,11.75
22500140,2025-10-30,OKC,WAS,127.0,108.0,235.0,True,1610612760.0,101.94,110.8,102.4,8.5,,0.525,1610612764.0,104.8,101.7,114.3,-12.6,,0.512,-2.859999999999999,9.099999999999994,-11.899999999999991,21.1,,0.013,1,0,1,0,2.0,2.0,0,0,0,1,0,1,108.33333333333331,121.33333333333331,98.33333333333331,128.33333333333334,-20.000000000000018,23.0,118.2,121.0,110.8,129.5,-11.299999999999995,10.200000000000005,118.2,121.0,110.8,129.5,-11.299999999999995,10.200000000000005,6,-3,11.0,-10.6,1,0,1,1,3,2,4,4,0,0,0,0,0,0,0,0,1,9.333333333333334,-10.6,103.37,,0,0,0,1,0,1,-4,-2,1.0,0.0,18.8,0.0
22500139,2025-10-30,MIL,GSW,120.0,110.0,230.0,True,1610612749.0,103.36,112.1,114.3,-2.3,,0.557,1610612744.0,102.5,107.5,107.5,0.0,,0.526,0.8599999999999994,4.599999999999994,6.799999999999997,-2.3,,0.031,1,0,1,0,2.0,2.0,0,0,0,1,0,1,118.66666666666669,116.0,115.0,112.0,6.666666666666671,1.0,122.25,120.8,116.25,115.2,7.049999999999997,4.549999999999997,122.25,120.8,116.25,115.2,7.049999999999997,4.549999999999997,2,-1,6.8,1.6,0,1,1,1,2,3,4,4,0,0,0,0,0,0,0,0,1,6.8,3.0,102.93,,0,0,0,1,0,1,-2,-4,0.1,0.0,3.34,0.0
22500138,2025-10-30,CHA,ORL,107.0,123.0,230.0,True,1610612766.0,103.62,115.6,109.0,6.6,,0.557,1610612753.0,103.6,105.4,110.7,-5.3,,0.505,0.0200000000000102,10.199999999999989,-1.7000000000000028,11.9,,0.052,0,2,0,2,2.0,1.0,0,1,0,1,0,3,125.66666666666669,112.66666666666669,127.33333333333331,127.0,-1.3333333333333286,-14.666666666666655,128.25,114.0,124.75,122.6,5.650000000000006,-10.75,128.25,114.0,124.75,122.6,5.650000000000006,-10.75,-2,1,-0.4,-6.2,0,1,1,1,2,3,4,5,0,0,0,0,0,0,0,0,0,-0.4,-4.5,103.61,,0,0,0,1,0,1,-2,-7,1.0,0.25,14.5,5.65
22500020,2025-10-31,IND,ATL,108.0,128.0,236.0,True,1610612754.0,104.24,108.4,115.2,-6.7,,0.501,1610612737.0,103.41,112.4,112.0,0.5,,0.542,0.8299999999999983,-4.0,3.200000000000003,-7.2,,-0.041,0,1,0,2,2.0,2.0,0,0,0,1,0,3,106.0,113.33333333333331,116.33333333333331,119.0,-13.0,-3.0,113.25,113.8,122.5,120.4,-7.150000000000006,-8.700000000000003,113.25,113.8,122.5,120.4,-7.150000000000006,-8.700000000000003,-5,2,-11.4,1.4,0,0,1,1,2,2,4,4,0,0,0,0,0,0,0,0,0,-11.4,-2.1666666666666665,103.825,,0,0,0,1,0,1,-2,-3,2.0,1.0,45.0,17.8
22500021,2025-10-31,PHI,BOS,108.0,109.0,217.0,True,1610612755.0,101.72,110.4,110.3,0.1,,0.514,1610612738.0,100.03,113.1,106.4,6.8,,0.515,1.6899999999999975,-2.6999999999999886,3.899999999999991,-6.7,,-0.001,0,0,1,2,3.0,2.0,0,0,0,1,0,1,133.33333333333334,120.0,126.33333333333331,104.66666666666669,28.66666666666667,-6.333333333333329,129.25,114.2,123.75,107.2,22.049999999999997,-9.549999999999995,129.25,114.2,123.75,107.2,22.049999999999997,-9.549999999999995,-1,3,4.2,7.4,0,0,1,1,2,2,4,4,0,0,0,0,0,0,0,0,0,4.2,6.0,100.875,233.0,0,0,0,1,0,1,-1,-2,0.0,0.0,0.0,0.0
22500022,2025-10-31,CLE,TOR,101.0,112.0,213.0,True,1610612739.0,102.45,111.4,109.5,1.9,,0.517,1610612761.0,105.41,112.2,106.5,5.8,,0.548,-2.9599999999999937,-0.7999999999999972,3.0,-3.9,,-0.031,0,0,1,2,2.0,2.0,0,0,0,1,0,1,113.0,117.66666666666669,111.0,133.0,-20.0,6.666666666666671,116.2,121.4,115.2,127.8,-11.599999999999994,6.200000000000003,116.2,121.4,115.2,127.8,-11.599999999999994,6.200000000000003,-2,1,0.4,-8.2,0,0,1,1,2,2,4,4,0,0,0,0,0,0,0,0,0,-1.0,-3.5,103.93,,0,0,0,1,0,1,-2,-2,1.5,0.0,27.849999999999998,0.0
22500023,2025-10-31,CHI,NYK,135.0,125.0,260.0,True,1610612741.0,105.81,112.4,112.3,0.2,,0.552,1610612752.0,101.59,112.5,111.9,0.6,,0.516,4.219999999999999,-0.0999999999999943,0.3999999999999915,-0.3999999999999999,,0.036,1,1,2,2,2.0,3.0,0,0,0,1,0,3,121.33333333333331,107.66666666666669,111.33333333333331,110.33333333333331,11.0,-3.666666666666657,119.75,110.5,111.25,110.5,9.25,-0.75,119.75,110.5,111.25,110.5,9.25,-0.75,5,-3,8.8,-2.0,0,0,1,0,2,2,4,3,0,0,0,0,0,0,0,0,0,8.8,-2.0,103.7,,0,0,0,1,0,1,-2,1,0.0,0.1,0.0,1.9800000000000002
22500024,2025-10-31,MEM,LAL,112.0,117.0,229.0,True,1610612763.0,104.2,108.8,111.5,-2.7,,0.509,1610612747.0,100.88,110.6,110.1,0.5,,0.54,3.3200000000000074,-1.7999999999999972,1.4000000000000057,-3.2,,-0.031,0,1,0,2,2.0,2.0,0,0,0,1,0,2,120.0,117.0,115.66666666666669,119.0,1.0,1.3333333333333286,120.4,117.6,123.0,117.2,3.200000000000003,-5.400000000000006,120.4,117.6,123.0,117.2,3.200000000000003,-5.400000000000006,-1,2,-4.8,3.4,0,0,1,1,2,2,4,4,0,0,0,0,0,0,0,0,0,-3.0,1.1666666666666667,102.54,,0,0,0,1,0,1,-2,-2,0.0,0.1,0.0,4.0
22500025,2025-10-31,PHX,UTA,118.0,96.0,214.0,True,1610612756.0,103.38,109.5,110.7,-1.1,,0.539,1610612762.0,104.68,107.6,110.7,-3.0,,0.503,-1.3000000000000114,1.9000000000000057,0.0,1.9,,0.036,1,0,1,0,2.0,2.0,0,0,0,1,0,1,119.33333333333331,125.33333333333331,128.33333333333334,125.0,-5.666666666666671,-3.000000000000014,116.0,126.25,126.0,120.75,-4.75,0.25,116.0,126.25,126.0,120.75,-4.75,0.25,1,-2,-6.4,0.0,0,0,1,0,2,2,4,3,0,0,0,0,0,0,0,0,0,-4.666666666666667,0.0,104.03,272.0,0,0,0,1,0,1,-2,1,2.0,1.0,48.3,10.0
22500026,2025-10-31,POR,DEN,109.0,107.0,216.0,True,1610612757.0,106.44,111.2,107.2,4.0,,0.519,1610612743.0,102.17,115.4,107.6,7.7,,0.546,4.269999999999996,-4.200000000000003,-0.3999999999999915,-3.7,,-0.027,0,0,0,1,2.0,2.0,0,0,0,1,0,1,121.66666666666669,127.33333333333331,118.66666666666669,104.33333333333331,17.333333333333343,8.666666666666657,123.6,128.25,118.6,112.5,11.099999999999994,9.650000000000006,123.6,128.25,118.6,112.5,11.099999999999994,9.650000000000006,3,-1,6.2,12.2,0,0,1,1,2,2,4,4,0,0,0,0,0,0,0,0,0,4.5,12.2,104.305,,0,0,0,1,0,1,-2,-2,0.1,0.25,1.8100000000000003,5.7
22500027,2025-10-31,LAC,NOP,126.0,124.0,250.0,True,1610612746.0,100.81,106.9,109.9,-3.0,,0.533,1610612740.0,103.58,102.8,114.8,-12.0,,0.48,-2.769999999999996,4.1000000000000085,-4.8999999999999915,9.0,,0.053,0,1,1,1,3.0,2.0,0,0,0,1,0,2,107.33333333333331,98.0,102.33333333333331,121.33333333333331,-14.0,-4.333333333333329,107.5,104.0,109.0,123.0,-15.5,-5.0,107.5,104.0,109.0,123.0,-15.5,-5.0,1,-5,-0.8,-15.6,0,0,0,0,2,2,3,3,0,0,0,0,0,0,0,0,0,-0.8,-15.6,102.195,,0,0,0,1,0,1,2,1,0.0,0.0,0.0,0.0
22500147,2025-11-01,DET,DAL,122.0,110.0,232.0,True,1610612765.0,102.25,111.9,107.1,4.8,,0.518,1610612742.0,102.0,100.9,105.9,-5.0,,0.487,0.25,11.0,1.1999999999999886,9.8,,0.031,1,0,2,0,3.0,3.0,0,0,0,1,0,1,116.33333333333331,113.33333333333331,115.0,111.66666666666669,4.666666666666657,-1.6666666666666714,115.0,107.8,114.2,115.4,-0.4000000000000057,-6.400000000000006,115.0,107.8,114.2,115.4,-0.4000000000000057,-6.400000000000006,2,-1,4.0,-3.4,0,0,1,1,2,2,4,4,0,0,0,0,0,0,0,0,1,2.6666666666666665,-8.333333333333334,102.125,,0,0,0,1,0,1,-1,-1,0.0,1.25,0.0,23.95
22500146,2025-11-01,BOS,HOU,101.0,128.0,229.0,True,1610612738.0,100.03,113.1,106.4,6.8,,0.515,1610612745.0,102.57,114.5,110.3,4.2,,0.528,-2.539999999999992,-1.4000000000000057,-3.899999999999991,2.5999999999999996,,-0.013,1,1,1,1,1.0,3.0,0,0,0,1,0,2,118.66666666666669,129.0,101.0,115.0,3.6666666666666714,28.0,112.8,127.75,105.4,117.5,-4.700000000000003,22.34999999999999,113.33333333333331,127.75,107.33333333333331,117.5,-4.166666666666671,20.41666666666667,-1,3,4.0,13.6,1,0,1,0,3,2,5,3,0,0,0,0,0,0,0,0,1,1.2857142857142858,13.6,101.3,,0,0,0,1,0,1,-5,2,0.0,0.0,0.0,0.0
22500145,2025-11-01,WAS,ORL,94.0,125.0,219.0,True,1610612764.0,104.8,101.7,114.3,-12.6,,0.512,1610612753.0,103.6,105.4,110.7,-5.3,,0.505,1.2000000000000028,-3.700000000000003,3.5999999999999943,-7.3,,0.007,0,2,1,3,2.0,2.0,0,0,0,1,0,4,118.33333333333331,121.0,135.0,126.0,-7.666666666666671,-14.0,118.4,113.6,129.0,119.8,-1.3999999999999917,-15.400000000000006,118.4,115.5,129.0,120.0,-1.5999999999999943,-13.5,-4,2,-14.2,0.8,0,1,1,1,2,3,4,4,0,0,0,0,0,0,0,0,0,-14.0,0.5714285714285714,104.2,,0,0,0,1,0,1,-2,-5,0.0,0.0,0.0,0.0
22500142,2025-11-01,MIL,SAC,133.0,135.0,268.0,True,1610612749.0,103.36,112.1,114.3,-2.3,,0.557,1610612758.0,102.31,112.3,110.4,1.9,,0.549,1.0499999999999972,-0.2000000000000028,3.899999999999991,-4.199999999999999,,0.008,1,1,2,2,2.0,3.0,0,0,0,1,0,3,118.0,111.33333333333331,113.0,120.0,-2.0,-1.6666666666666714,121.8,111.0,115.0,116.8,5.0,-4.0,121.8,111.0,115.0,116.8,5.0,-4.0,-1,1,3.8,-4.6,0,0,1,1,2,2,4,4,0,0,0,0,0,0,0,0,1,5.333333333333333,-4.5,102.835,,0,0,0,1,0,1,-2,-2,0.25,1.0,8.35,16.3
22500143,2025-11-01,CHA,MIN,105.0,122.0,227.0,True,1610612766.0,103.62,115.6,109.0,6.6,,0.557,1610612750.0,102.16,112.9,111.2,1.7,,0.553,1.460000000000008,2.6999999999999886,-2.200000000000003,4.8999999999999995,,0.004,1,0,1,0,2.0,3.0,0,0,0,1,0,1,121.0,114.33333333333331,126.66666666666669,117.66666666666669,3.3333333333333286,-12.333333333333345,124.0,114.2,124.4,119.0,5.0,-10.200000000000005,124.0,114.2,124.4,119.0,5.0,-10.200000000000005,-3,1,-7.6,-2.2,0,0,1,1,2,2,4,4,0,0,0,0,0,0,0,0,1,-3.1666666666666665,-1.1666666666666667,102.89,,0,0,0,1,0,1,-2,-1,1.25,1.0,20.325,25.8
22500144,2025-11-01,IND,GSW,114.0,109.0,223.0,True,1610612754.0,104.24,108.4,115.2,-6.7,,0.501,1610612744.0,102.5,107.5,107.5,0.0,,0.526,1.7399999999999949,0.9000000000000057,7.700000000000003,-6.7,,-0.025,1,1,1,1,1.0,2.0,1,0,0,1,0,2,107.66666666666669,113.0,116.33333333333331,105.66666666666669,2.0,-3.3333333333333286,112.2,119.0,123.6,117.4,-5.200000000000003,-4.599999999999994,112.2,119.0,123.6,116.0,-3.799999999999997,-4.599999999999994,1,-2,-9.2,-0.6,1,0,1,1,3,2,4,4,0,0,0,0,0,0,0,0,1,-8.666666666666666,1.8571428571428572,103.37,,0,0,0,1,0,1,-6,-2,2.0,0.0,45.0,0.0
22500153,2025-11-02,NYK,CHI,128.0,116.0,244.0,True,1610612752.0,101.59,112.5,111.9,0.6,,0.516,1610612741.0,105.81,112.4,112.3,0.2,,0.552,-4.219999999999999,0.0999999999999943,-0.3999999999999915,0.3999999999999999,,-0.036,0,0,0,0,2.0,2.0,0,0,0,1,0,1,114.33333333333331,129.66666666666666,123.66666666666669,120.33333333333331,-6.0,5.999999999999986,113.4,122.8,115.4,114.0,-0.5999999999999943,7.399999999999992,113.4,122.8,115.4,114.0,-0.5999999999999943,7.399999999999992,1,-1,-1.2,5.6,0,0,0,1,2,2,3,4,0,0,0,0,0,0,0,0,0,0.3333333333333333,5.333333333333333,103.7,260.0,0,0,0,1,0,1,1,-2,0.0,1.0,0.0,14.7
22500155,2025-11-02,LAL,MIA,130.0,120.0,250.0,True,1610612747.0,100.88,110.6,110.1,0.5,,0.54,1610612748.0,106.33,108.3,108.0,0.3,,0.545,-5.450000000000003,2.299999999999997,2.0999999999999943,0.2,,-0.005,0,1,0,1,2.0,3.0,0,0,0,1,0,2,113.66666666666669,120.0,116.33333333333331,110.33333333333331,3.333333333333343,3.6666666666666714,119.2,125.4,115.8,114.0,5.200000000000003,9.600000000000009,117.5,125.4,116.33333333333331,114.0,3.5,9.066666666666675,3,-2,1.8,10.2,0,0,1,0,2,2,4,3,0,0,0,0,0,0,0,0,1,2.4285714285714284,7.833333333333333,103.605,,0,0,0,1,0,1,-2,2,0.1,0.25,1.75,5.875
22500154,2025-11-02,PHX,SAS,130.0,118.0,248.0,True,1610612756.0,103.38,109.5,110.7,-1.1,,0.539,1610612759.0,100.52,109.9,104.3,5.6,,0.539,2.859999999999999,-0.4000000000000057,6.400000000000006,-6.699999999999999,,0.0,1,0,2,0,2.0,3.0,0,0,0,1,0,1,121.66666666666669,115.33333333333331,116.0,103.66666666666669,18.0,-0.6666666666666714,115.6,118.2,122.0,103.8,11.799999999999995,-3.799999999999997,116.33333333333331,118.2,121.0,103.8,12.533333333333331,-2.799999999999997,2,-1,1.4,5.4,0,0,1,0,2,2,4,3,0,0,0,0,0,0,0,0,0,-2.2857142857142856,10.0,101.95,,0,0,0,1,0,1,-2,2,2.0,0.0,48.3,0.0
22500152,2025-11-02,TOR,MEM,117.0,104.0,221.0,True,1610612761.0,105.41,112.2,106.5,5.8,,0.548,1610612763.0,104.2,108.8,111.5,-2.7,,0.509,1.2099999999999935,3.4000000000000057,-5.0,8.5,,0.039,0,0,1,1,2.0,2.0,0,0,0,1,0,1,112.0,114.66666666666669,120.33333333333331,120.33333333333331,-8.333333333333329,-5.666666666666657,116.2,117.2,124.4,122.0,-5.799999999999997,-7.200000000000003,119.83333333333331,119.0,123.33333333333331,122.0,-2.1666666666666714,-4.333333333333329,2,-2,-4.4,-1.0,0,0,1,1,2,2,4,4,0,0,0,0,0,0,0,0,1,-1.1428571428571428,-4.428571428571429,104.805,,0,0,0,1,0,1,-2,-2,0.0,1.0,0.0,20.1
22500150,2025-11-02,CHA,UTA,126.0,103.0,229.0,True,1610612766.0,103.62,115.6,109.0,6.6,,0.557,1610612762.0,104.68,107.6,110.7,-3.0,,0.503,-1.0600000000000025,8.0,-1.7000000000000028,9.6,,0.054,2,1,2,1,1.0,2.0,1,0,0,1,0,2,109.66666666666669,122.66666666666669,129.66666666666666,129.33333333333334,-19.66666666666667,-6.999999999999986,117.8,120.2,125.4,120.2,-2.4000000000000057,-5.200000000000003,120.83333333333331,120.2,124.0,120.2,0.6333333333333258,-3.799999999999997,1,-3,-2.2,-8.8,1,0,1,1,3,2,4,4,0,0,0,0,0,0,0,0,1,0.5714285714285714,-3.8333333333333335,104.15,,0,0,0,1,0,1,-6,-2,2.0,2.0,37.8,24.4
22500149,2025-11-02,BKN,PHI,105.0,129.0,234.0,True,1610612751.0,102.16,108.1,117.5,-9.5,,0.502,1610612755.0,101.72,110.4,110.3,0.1,,0.514,0.4399999999999977,-2.3000000000000114,7.200000000000003,-9.6,,-0.012,0,0,1,1,4.0,2.0,0,0,0,1,0,1,109.33333333333331,127.66666666666669,124.0,122.33333333333331,-13.0,3.6666666666666714,113.8,125.0,127.8,120.8,-7.0,-2.799999999999997,113.8,125.0,127.8,120.8,-7.0,-2.799999999999997,-6,1,-15.0,8.8,0,0,0,1,1,2,3,4,0,0,0,0,0,0,0,0,0,-15.666666666666666,7.5,101.94,,0,0,0,1,0,1,2,-2,0.0,1.0,0.0,17.8
22500148,2025-11-02,OKC,NOP,137.0,106.0,243.0,True,1610612760.0,101.94,110.8,102.4,8.5,,0.525,1610612740.0,103.58,102.8,114.8,-12.0,,0.48,-1.6400000000000006,8.0,-12.399999999999991,20.5,,0.045,1,1,2,2,3.0,2.0,0,0,0,1,0,3,111.66666666666669,100.66666666666669,101.0,123.33333333333331,-11.666666666666655,-0.3333333333333286,118.6,108.0,107.6,123.6,-5.0,0.4000000000000057,119.66666666666669,108.0,110.33333333333331,123.6,-3.933333333333323,-2.3333333333333286,7,-6,16.0,-20.6,0,0,1,1,2,2,4,4,0,0,0,0,0,0,0,0,0,12.428571428571429,-18.166666666666668,102.76,,0,0,0,1,0,1,-1,-3,1.0,0.0,18.8,0.0
22500151,2025-11-02,CLE,ATL,117.0,109.0,226.0,True,1610612739.0,102.45,111.4,109.5,1.9,,0.517,1610612737.0,103.41,112.4,112.0,0.5,,0.542,-0.9599999999999936,-1.0,-2.5,1.4,,-0.025,1,1,1,2,2.0,2.0,0,0,0,1,0,4,107.33333333333331,122.66666666666669,110.66666666666669,116.0,-8.666666666666671,12.0,114.2,115.8,113.8,114.4,-0.2000000000000028,2.0,113.66666666666669,116.16666666666669,114.66666666666669,118.33333333333331,-4.666666666666657,1.5,1,-1,0.6,-1.0,0,0,1,1,2,2,4,4,0,0,0,0,0,0,0,0,0,0.2857142857142857,-3.0,102.93,,0,0,0,1,0,1,-2,-3,2.0,1.0,31.9,17.8
22500156,2025-11-03,BKN,MIN,109.0,125.0,234.0,True,1610612751.0,102.16,108.1,117.5,-9.5,,0.502,1610612750.0,102.16,112.9,111.2,1.7,,0.553,0.0,-4.800000000000011,6.299999999999997,-11.2,,-0.051,1,1,2,1,1.0,2.0,1,0,0,1,0,2,108.66666666666669,117.0,127.66666666666669,116.0,-7.333333333333329,-10.666666666666671,111.4,115.0,126.4,117.2,-5.799999999999997,-11.400000000000006,112.33333333333331,115.5,128.0,116.66666666666669,-4.333333333333343,-12.5,-7,2,-16.8,4.6,0,0,0,0,2,2,3,3,0,0,0,0,0,0,0,0,1,-15.714285714285714,1.2857142857142858,102.16,,0,0,0,1,0,1,-1,1,0.0,1.0,0.0,25.8
22500157,2025-11-03,IND,MIL,115.0,117.0,232.0,True,1610612754.0,104.24,108.4,115.2,-6.7,,0.501,1610612749.0,103.36,112.1,114.3,-2.3,,0.557,0.8799999999999955,-3.6999999999999886,0.9000000000000057,-4.4,,-0.056,2,0,2,0,2.0,2.0,0,0,0,1,0,1,109.0,124.66666666666669,114.66666666666669,118.66666666666669,-9.666666666666671,10.0,108.0,121.8,117.2,118.0,-10.0,4.599999999999994,112.5,123.66666666666669,121.16666666666669,118.33333333333331,-5.833333333333329,2.5,-1,1,-4.6,3.0,1,0,1,1,3,2,4,4,0,0,0,0,0,0,0,0,0,-7.714285714285714,4.857142857142857,103.8,,0,0,0,1,0,1,-4,-2,2.0,0.1,45.0,3.34
22500158,2025-11-03,BOS,UTA,103.0,105.0,208.0,True,1610612738.0,100.03,113.1,106.4,6.8,,0.515,1610612762.0,104.68,107.6,110.7,-3.0,,0.503,-4.650000000000006,5.5,-4.299999999999997,9.8,,0.012,1,2,2,2,2.0,1.0,0,1,0,1,0,3,111.66666666666669,111.0,113.66666666666669,126.66666666666669,-15.0,-2.6666666666666714,114.0,115.0,110.0,123.8,-9.799999999999995,5.0,111.57142857142856,117.33333333333331,110.28571428571428,121.16666666666669,-9.595238095238102,7.047619047619037,-2,1,4.8,-8.2,1,1,1,1,3,3,4,4,0,0,0,0,0,0,0,0,1,0.875,-3.0,102.355,,0,0,0,1,0,1,-4,-7,0.0,0.0,0.0,0.0
22500159,2025-11-03,NYK,WAS,119.0,102.0,221.0,True,1610612752.0,101.59,112.5,111.9,0.6,,0.516,1610612764.0,104.8,101.7,114.3,-12.6,,0.512,-3.2099999999999937,10.799999999999995,-2.3999999999999915,13.2,,0.004,1,0,1,1,1.0,2.0,1,0,0,1,0,1,121.33333333333331,112.0,124.0,130.33333333333334,-9.000000000000014,-12.0,115.2,113.2,116.4,127.4,-12.200000000000005,-3.200000000000003,115.83333333333331,114.33333333333331,115.5,128.33333333333334,-12.500000000000014,-1.1666666666666714,2,-5,0.2,-19.6,1,0,1,1,3,2,4,4,0,0,0,0,0,0,0,0,0,2.7142857142857144,-14.428571428571429,103.195,,0,0,0,1,0,1,-6,-2,0.0,0.0,0.0,0.0
22500160,2025-11-03,HOU,DAL,110.0,102.0,212.0,True,1610612745.0,102.57,114.5,110.3,4.2,,0.528,1610612742.0,102.0,100.9,105.9,-5.0,,0.487,0.5699999999999932,13.599999999999994,4.3999999999999915,9.2,,0.041,0,1,0,1,2.0,2.0,0,0,0,1,0,2,134.66666666666666,103.66666666666669,110.33333333333331,109.33333333333331,25.33333333333333,-6.666666666666657,127.8,111.4,114.2,114.8,13.0,-2.799999999999997,127.8,108.16666666666669,114.2,116.5,11.299999999999995,-6.033333333333331,4,-2,15.4,-3.0,0,0,0,0,2,2,3,3,0,0,0,0,0,0,0,0,0,12.666666666666666,-8.285714285714286,102.285,,0,0,0,1,0,1,1,1,0.25,1.0,3.425,20.8
22500161,2025-11-03,MEM,DET,106.0,114.0,220.0,True,1610612763.0,104.2,108.8,111.5,-2.7,,0.509,1610612765.0,102.25,111.9,107.1,4.8,,0.518,1.9500000000000028,-3.1000000000000085,4.400000000000006,-7.5,,-0.009,1,0,1,0,1.0,2.0,0,0,0,1,0,1,110.0,117.33333333333331,115.66666666666669,114.0,-4.0,1.6666666666666572,115.2,117.2,116.2,113.2,2.0,1.0,116.85714285714286,116.16666666666669,121.28571428571428,113.5,3.357142857142861,-5.11904761904762,-3,3,-7.6,4.8,1,0,1,0,3,2,4,3,0,0,0,0,0,0,0,0,1,-4.875,3.4285714285714284,103.225,,0,0,0,1,0,1,-5,1,0.0,0.25,0.0,3.375
22500162,2025-11-03,DEN,SAC,130.0,124.0,254.0,True,1610612743.0,102.17,115.4,107.6,7.7,,0.546,1610612758.0,102.31,112.3,110.4,1.9,,0.549,-0.1400000000000005,3.1000000000000085,-2.8000000000000114,5.800000000000001,,-0.003,0,1,1,2,3.0,2.0,0,0,0,1,0,4,118.66666666666669,116.33333333333331,103.66666666666669,122.0,-3.3333333333333286,12.666666666666655,124.0,114.8,111.8,119.4,4.599999999999994,3.0,124.0,115.0,111.8,119.5,4.5,3.200000000000003,1,-1,14.6,-6.0,0,0,0,1,2,2,3,4,0,0,0,0,0,0,0,0,0,11.166666666666666,-4.714285714285714,102.24,,0,0,0,1,0,1,2,-3,0.1,1.25,2.2800000000000002,22.575000000000003
22500163,2025-11-03,POR,LAL,115.0,123.0,238.0,True,1610612757.0,106.44,111.2,107.2,4.0,,0.519,1610612747.0,100.88,110.6,110.1,0.5,,0.54,5.560000000000002,0.6000000000000085,-2.8999999999999915,3.5,,-0.021,1,1,1,2,3.0,1.0,0,0,0,1,0,1,122.33333333333331,121.0,116.33333333333331,115.66666666666669,6.666666666666657,4.666666666666671,122.6,119.6,116.4,117.8,4.799999999999997,3.1999999999999886,121.16666666666669,119.28571428571428,116.66666666666669,116.85714285714286,4.30952380952381,2.6190476190476204,-1,4,0.6,2.0,0,1,0,1,2,3,3,4,0,0,0,0,0,0,0,0,0,2.7142857142857144,3.125,103.66,230.0,0,0,0,1,0,1,2,-5,0.1,0.0,1.8100000000000003,0.0
22500164,2025-11-03,LAC,MIA,119.0,120.0,239.0,True,1610612746.0,100.81,106.9,109.9,-3.0,,0.533,1610612748.0,106.33,108.3,108.0,0.3,,0.545,-5.519999999999996,-1.3999999999999917,1.9000000000000057,-3.3,,-0.012,1,1,1,2,3.0,1.0,0,1,0,1,0,3,106.33333333333331,121.66666666666669,109.66666666666669,118.0,-11.666666666666671,12.0,111.2,125.2,112.0,115.0,-3.799999999999997,13.200000000000005,111.2,124.5,112.0,116.66666666666669,-5.466666666666669,12.5,-1,1,3.2,4.0,0,0,0,1,2,2,3,4,0,0,0,0,0,0,0,0,1,-0.8333333333333334,6.857142857142857,103.57,,0,0,0,1,0,1,2,-5,0.0,0.0,0.0,0.0
22500169,2025-11-04,GSW,PHX,118.0,107.0,225.0,True,1610612744.0,102.5,107.5,107.5,0.0,,0.526,1610612756.0,103.38,109.5,110.7,-1.1,,0.539,-0.8799999999999955,-2.0,-3.200000000000003,1.1,,-0.013,0,0,0,0,3.0,2.0,0,0,0,1,0,1,105.66666666666669,120.33333333333331,104.33333333333331,109.33333333333331,-3.666666666666657,16.0,113.4,121.2,114.0,119.8,-6.3999999999999915,7.200000000000003,117.57142857142856,118.28571428571428,115.71428571428572,120.57142857142856,-3.0,2.5714285714285836,1,-1,5.6,3.6,0,0,0,1,2,2,3,4,0,0,0,0,0,0,0,0,0,3.0,-3.375,102.94,,0,0,0,1,0,1,2,-2,0.25,2.0,4.675,48.3
22500170,2025-11-04,LAC,OKC,107.0,126.0,233.0,True,1610612746.0,100.81,106.9,109.9,-3.0,,0.533,1610612760.0,101.94,110.8,102.4,8.5,,0.525,-1.1299999999999957,-3.899999999999991,7.5,-11.5,,0.008,1,0,2,0,1.0,2.0,1,0,0,1,0,1,108.0,123.66666666666669,114.0,105.0,3.0,9.666666666666671,113.4,117.8,110.2,101.8,11.600000000000009,7.599999999999994,112.5,122.14285714285714,113.33333333333331,109.71428571428572,2.785714285714292,8.80952380952381,-2,8,-6.0,16.4,0,0,0,0,2,2,3,3,0,0,0,0,0,0,0,0,0,-3.4285714285714284,13.25,101.375,,0,0,0,1,0,1,-1,1,1.0,0.25,24.3,4.2
22500168,2025-11-04,NOP,CHA,116.0,112.0,228.0,True,1610612740.0,103.58,102.8,114.8,-12.0,,0.48,1610612766.0,103.62,115.6,109.0,6.6,,0.557,-0.0400000000000062,-12.799999999999995,5.799999999999997,-18.6,,-0.077,0,0,0,0,2.0,2.0,0,0,0,1,0,1,106.0,112.66666666666669,128.33333333333334,116.0,-10.0,-15.666666666666671,104.8,118.8,125.4,121.0,-16.200000000000003,-6.6000000000000085,107.66666666666669,121.57142857142856,125.83333333333331,121.0,-13.333333333333329,-4.261904761904759,1,-1,-19.0,-8.2,0,1,1,1,2,3,4,4,0,0,0,0,0,0,0,0,1,-15.0,0.0,103.6,,0,0,0,1,0,1,-2,-4,1.0,2.0,22.8,37.8
22500167,2025-11-04,CHI,PHI,113.0,111.0,224.0,True,1610612741.0,105.81,112.4,112.3,0.2,,0.552,1610612755.0,101.72,110.4,110.3,0.1,,0.514,4.090000000000003,2.0,2.0,0.1,,0.038,0,1,1,1,2.0,2.0,0,0,0,1,0,2,125.66666666666669,125.33333333333331,122.0,116.0,9.666666666666671,3.3333333333333286,123.0,127.4,117.4,118.6,4.400000000000006,10.0,121.66666666666669,125.66666666666669,116.33333333333331,118.16666666666669,3.5,9.333333333333345,1,-1,3.6,7.6,0,0,1,0,2,2,4,3,0,0,0,0,0,0,0,0,0,4.857142857142857,6.142857142857143,103.765,,0,0,0,1,0,1,-2,1,0.25,0.0,3.675,0.0
22500166,2025-11-04,ATL,ORL,127.0,112.0,239.0,True,1610612737.0,103.41,112.4,112.0,0.5,,0.542,1610612753.0,103.6,105.4,110.7,-5.3,,0.505,-0.1899999999999977,7.0,1.2999999999999972,5.8,,0.037,0,1,0,2,2.0,3.0,0,0,0,1,0,5,118.0,121.33333333333331,112.33333333333331,112.0,6.0,9.0,115.4,117.2,116.4,116.4,-1.0,0.7999999999999972,115.14285714285714,116.85714285714286,118.14285714285714,116.28571428571428,-1.142857142857153,-1.2857142857142776,1,-1,5.4,0.2,0,0,1,1,2,2,4,4,0,0,0,0,0,0,0,0,0,-0.75,-1.375,103.505,218.0,0,0,0,1,0,1,-2,-3,1.0,0.0,17.8,0.0
22500165,2025-11-04,TOR,MIL,128.0,100.0,228.0,True,1610612761.0,105.41,112.2,106.5,5.8,,0.548,1610612749.0,103.36,112.1,114.3,-2.3,,0.557,2.049999999999997,0.1000000000000085,-7.799999999999997,8.1,,-0.009,1,1,1,1,2.0,1.0,0,1,0,1,0,2,116.66666666666669,123.33333333333331,114.66666666666669,120.0,-3.3333333333333286,8.666666666666657,116.4,120.8,120.8,117.8,-1.3999999999999917,0.0,119.42857142857144,122.71428571428572,120.57142857142856,117.85714285714286,1.5714285714285694,2.142857142857139,3,-1,3.2,-1.6,0,1,1,1,2,3,4,4,0,0,0,0,0,0,0,0,0,2.5,0.75,104.385,238.0,0,0,0,1,0,1,-2,-6,0.0,0.1,0.0,3.34
22500181,2025-11-05,SAC,GSW,121.0,116.0,237.0,True,1610612758.0,102.31,112.3,110.4,1.9,,0.549,1610612744.0,102.5,107.5,107.5,0.0,,0.526,-0.1899999999999977,4.799999999999997,2.9000000000000057,1.9,,0.023,0,0,0,1,2.0,1.0,0,0,0,1,0,1,124.0,112.33333333333331,129.66666666666666,113.66666666666669,10.333333333333329,-17.33333333333333,118.6,113.2,124.6,107.6,11.0,-11.399999999999991,116.28571428571428,117.625,121.0,114.625,1.6607142857142918,-3.375,1,-1,-3.6,2.0,0,0,0,1,2,2,3,4,0,0,0,0,0,0,0,0,0,-3.5,2.111111111111111,102.405,,0,0,0,1,0,1,1,-3,0.5,0.0,9.9,0.0
22500180,2025-11-05,POR,OKC,121.0,119.0,240.0,True,1610612757.0,106.44,111.2,107.2,4.0,,0.519,1610612760.0,101.94,110.8,102.4,8.5,,0.525,4.5,0.4000000000000057,4.799999999999997,-4.5,,-0.006,1,1,2,1,2.0,1.0,0,1,0,1,0,2,120.0,130.0,121.33333333333331,107.0,13.0,8.666666666666671,117.8,119.6,117.2,103.2,14.599999999999994,2.3999999999999915,120.28571428571428,122.625,117.57142857142856,109.375,10.910714285714292,5.053571428571431,1,-1,2.4,14.6,0,1,0,1,2,3,3,4,0,0,0,0,0,0,0,0,0,2.625,11.555555555555555,104.19,,0,0,0,1,0,1,1,-6,0.1,0.0,1.8100000000000003,0.0
22500179,2025-11-05,LAL,SAS,118.0,116.0,234.0,True,1610612747.0,100.88,110.6,110.1,0.5,,0.54,1610612759.0,100.52,109.9,104.3,5.6,,0.539,0.3599999999999994,0.6999999999999886,5.799999999999997,-5.1,,0.001,1,1,1,1,2.0,3.0,0,0,0,1,0,2,123.33333333333331,115.33333333333331,115.66666666666669,111.33333333333331,12.0,-0.3333333333333428,118.8,116.8,116.8,111.4,7.399999999999992,0.0,119.75,118.16666666666669,116.625,108.16666666666669,11.583333333333329,1.5416666666666714,5,-2,5.2,4.2,1,0,1,0,3,2,4,3,0,0,0,0,0,0,0,0,0,3.0,8.285714285714286,100.7,,0,0,0,1,0,1,-4,2,0.25,1.0,7.775,14.0
22500177,2025-11-05,DAL,NOP,99.0,101.0,200.0,True,1610612742.0,102.0,100.9,105.9,-5.0,,0.487,1610612740.0,103.58,102.8,114.8,-12.0,,0.48,-1.5799999999999983,-1.8999999999999917,-8.899999999999991,7.0,,0.007,0,1,0,2,2.0,1.0,0,0,0,1,0,1,106.33333333333331,115.33333333333331,112.33333333333331,125.0,-18.66666666666667,3.0,110.4,104.8,113.4,123.8,-13.399999999999991,-8.600000000000009,107.28571428571428,108.85714285714286,115.57142857142856,123.85714285714286,-16.57142857142857,-6.714285714285708,-3,2,-5.4,-12.2,0,1,0,1,2,3,3,4,0,0,0,0,0,0,0,0,0,-7.5,-12.875,102.79,,0,0,0,1,0,1,1,-5,1.0,1.25,20.8,27.125
22500176,2025-11-05,MEM,HOU,109.0,124.0,233.0,True,1610612763.0,104.2,108.8,111.5,-2.7,,0.509,1610612745.0,102.57,114.5,110.3,4.2,,0.528,1.6300000000000097,-5.700000000000003,1.2000000000000028,-6.9,,-0.019,1,0,2,1,2.0,2.0,0,0,0,1,0,1,107.33333333333331,125.66666666666669,116.0,108.0,-0.6666666666666714,9.666666666666671,110.8,125.0,118.4,109.6,1.2000000000000028,6.599999999999994,115.5,124.83333333333331,120.375,112.16666666666669,3.3333333333333286,4.458333333333329,-4,5,-8.0,19.2,1,0,1,0,3,2,4,3,0,0,0,0,0,0,0,0,0,-6.0,13.0,103.385,,0,0,0,1,0,1,-4,1,0.0,0.25,0.0,3.425
22500178,2025-11-05,DEN,MIA,122.0,112.0,234.0,True,1610612743.0,102.17,115.4,107.6,7.7,,0.546,1610612748.0,106.33,108.3,108.0,0.3,,0.545,-4.159999999999997,7.1000000000000085,-0.4000000000000057,7.4,,0.001,1,2,1,2,2.0,2.0,0,0,0,1,0,4,119.66666666666669,113.66666666666669,107.0,118.66666666666669,1.0,6.666666666666671,123.8,120.0,109.2,116.0,7.799999999999997,10.799999999999995,125.0,123.85714285714286,113.83333333333331,117.0,8.0,10.023809523809533,2,-1,12.2,0.4,0,1,0,1,2,3,3,4,0,0,0,0,0,0,0,0,1,11.0,4.75,104.25,,0,0,0,1,0,1,1,-5,0.1,0.0,2.2800000000000002,0.0
22500174,2025-11-05,BOS,WAS,136.0,107.0,243.0,True,1610612738.0,100.03,113.1,106.4,6.8,,0.515,1610612764.0,104.8,101.7,114.3,-12.6,,0.512,-4.769999999999996,11.399999999999991,-7.899999999999992,19.4,,0.003,1,1,2,1,2.0,2.0,0,0,0,1,0,2,104.33333333333331,101.33333333333331,113.66666666666669,123.66666666666669,-19.333333333333343,-12.333333333333345,112.0,110.2,107.2,129.8,-17.80000000000001,3.0,110.5,112.57142857142856,109.625,127.0,-16.5,2.9464285714285694,1,-6,4.2,-20.2,0,0,1,1,2,2,4,4,0,0,0,0,0,0,0,0,0,4.0,-16.25,102.415,,0,0,0,1,0,1,-2,-2,0.0,0.0,0.0,0.0
22500173,2025-11-05,IND,BKN,103.0,112.0,215.0,True,1610612754.0,104.24,108.4,115.2,-6.7,,0.501,1610612751.0,102.16,108.1,117.5,-9.5,,0.502,2.0799999999999983,0.3000000000000113,-2.299999999999997,2.8,,-0.001,1,0,3,0,2.0,2.0,0,0,0,1,0,1,112.33333333333331,108.66666666666669,118.0,123.66666666666669,-11.333333333333345,-9.333333333333329,110.4,108.4,115.0,125.2,-14.799999999999995,-6.599999999999994,112.85714285714286,111.85714285714286,120.57142857142856,127.57142857142856,-14.714285714285708,-8.714285714285708,-2,1,-5.6,-12.8,0,1,1,0,2,3,4,3,0,0,0,0,0,0,0,0,0,-7.875,-12.625,103.2,,0,0,0,1,0,1,-2,-1,3.0,0.0,56.8,0.0
22500172,2025-11-05,DET,UTA,114.0,103.0,217.0,True,1610612765.0,102.25,111.9,107.1,4.8,,0.518,1610612762.0,104.68,107.6,110.7,-3.0,,0.503,-2.430000000000007,4.300000000000011,-3.6000000000000085,7.8,,0.015,0,2,1,3,2.0,2.0,0,0,0,1,0,4,123.66666666666669,101.33333333333331,110.66666666666669,115.66666666666669,8.0,-9.333333333333345,117.0,115.2,112.2,123.4,-6.400000000000006,3.0,115.85714285714286,115.57142857142856,112.42857142857144,118.57142857142856,-2.714285714285708,3.142857142857139,4,-1,5.8,-11.2,0,1,0,1,2,3,3,4,0,0,0,0,0,0,0,0,1,4.375,-4.0,103.465,,0,0,0,1,0,1,1,-5,1.0,1.0,13.5,14.4
22500171,2025-11-05,CLE,PHI,132.0,121.0,253.0,True,1610612739.0,102.45,111.4,109.5,1.9,,0.517,1610612755.0,101.72,110.4,110.3,0.1,,0.514,0.730000000000004,1.0,-0.7999999999999972,1.7999999999999998,,0.003,1,2,2,2,3.0,1.0,0,1,0,1,0,3,107.66666666666669,116.0,115.33333333333331,109.0,-1.3333333333333286,0.6666666666666714,111.4,124.6,110.8,117.0,-5.599999999999994,13.799999999999995,114.14285714285714,123.57142857142856,113.85714285714286,117.42857142857144,-3.285714285714292,9.714285714285708,2,-2,1.8,3.0,0,1,0,1,2,3,3,4,0,0,0,0,0,0,0,0,0,1.625,4.0,102.085,,0,0,0,1,0,1,2,-7,0.75,0.0,12.149999999999999,0.0
22500175,2025-11-05,NYK,MIN,137.0,114.0,251.0,True,1610612752.0,101.59,112.5,111.9,0.6,,0.516,1610612750.0,102.16,112.9,111.2,1.7,,0.553,-0.5699999999999932,-0.4000000000000057,0.7000000000000028,-1.1,,-0.037,2,1,2,2,2.0,2.0,0,0,0,1,0,3,124.0,120.66666666666669,117.66666666666669,110.0,14.0,3.0,118.0,118.0,117.8,113.4,4.599999999999994,0.2000000000000028,116.28571428571428,116.85714285714286,113.57142857142856,115.57142857142856,0.7142857142857224,3.285714285714292,3,-1,6.4,-0.8,1,0,1,0,3,2,4,3,0,0,0,0,0,0,0,0,1,5.25,-1.75,101.875,,0,0,0,1,0,1,-4,0,0.25,0.25,4.95,6.45
22500182,2025-11-06,PHX,LAC,115.0,102.0,217.0,True,1610612756.0,103.38,109.5,110.7,-1.1,,0.539,1610612746.0,100.81,106.9,109.9,-3.0,,0.533,2.569999999999993,2.5999999999999943,0.7999999999999972,1.9,,0.006,0,0,1,0,2.0,2.0,0,0,0,1,0,1,118.33333333333331,117.33333333333331,110.66666666666669,123.33333333333331,-5.0,6.666666666666657,120.4,109.0,116.8,115.0,5.400000000000006,-7.799999999999997,116.875,111.71428571428572,120.25,115.14285714285714,1.7321428571428612,-8.535714285714292,1,-3,7.0,-10.0,0,1,1,1,2,3,4,4,0,0,0,0,0,0,0,0,0,-1.5555555555555556,-4.625,102.095,231.0,0,0,0,1,0,1,-2,-4,1.35,2.0,26.35,47.6
22500035,2025-11-07,MIL,CHI,126.0,110.0,236.0,True,1610612749.0,103.36,112.1,114.3,-2.3,,0.557,1610612741.0,105.81,112.4,112.3,0.2,,0.552,-2.450000000000003,-0.3000000000000113,2.0,-2.5,,0.005,0,0,0,1,3.0,3.0,0,0,0,1,0,1,116.66666666666669,121.33333333333331,126.0,121.33333333333331,-4.666666666666657,-4.666666666666671,118.2,123.6,119.8,120.0,-1.7999999999999972,3.799999999999997,119.875,120.42857142857144,119.125,115.57142857142856,4.303571428571431,1.3035714285714306,1,-1,-0.4,-0.6,0,0,1,0,2,2,4,3,0,0,0,0,0,0,0,0,0,2.4444444444444446,2.25,104.585,,0,0,0,1,0,1,-1,2,0.0,0.25,0.0,3.675
22500038,2025-11-07,SAC,OKC,101.0,132.0,233.0,True,1610612758.0,102.31,112.3,110.4,1.9,,0.549,1610612760.0,101.94,110.8,102.4,8.5,,0.525,0.3700000000000045,1.5,8.0,-6.6,,0.024,1,2,1,2,2.0,2.0,0,0,0,1,0,3,126.66666666666669,127.33333333333331,126.33333333333331,111.33333333333331,15.333333333333345,1.0,118.8,123.2,122.4,108.6,10.200000000000005,0.7999999999999972,116.875,122.22222222222224,120.375,110.66666666666669,6.208333333333329,1.8472222222222283,-1,1,-8.6,19.6,0,1,1,1,2,3,4,4,0,0,0,0,0,0,0,0,0,-6.555555555555555,13.5,102.125,208.0,0,0,0,1,0,1,-2,-5,0.25,1.0,3.625,14.8
22500037,2025-11-07,DEN,GSW,129.0,104.0,233.0,True,1610612743.0,102.17,115.4,107.6,7.7,,0.546,1610612744.0,102.5,107.5,107.5,0.0,,0.526,-0.3299999999999983,7.900000000000006,0.0999999999999943,7.7,,0.02,1,1,2,1,2.0,2.0,0,0,0,1,0,2,119.66666666666669,114.33333333333331,115.0,114.0,5.666666666666671,-0.6666666666666714,121.6,110.2,109.4,108.2,13.399999999999991,0.7999999999999972,124.57142857142856,117.44444444444444,113.57142857142856,115.33333333333331,9.23809523809524,3.8730158730158735,3,-2,14.6,-6.8,0,1,0,1,2,3,3,4,0,0,0,0,0,0,0,0,0,12.75,-0.6,102.335,268.0,0,0,0,1,0,1,1,-4,0.0,1.25,0.0,31.475
22500036,2025-11-07,MIN,UTA,137.0,97.0,234.0,True,1610612750.0,102.16,112.9,111.2,1.7,,0.553,1610612762.0,104.68,107.6,110.7,-3.0,,0.503,-2.5200000000000102,5.300000000000011,0.5,4.7,,0.05,0,1,0,3,2.0,2.0,0,0,0,1,0,5,120.33333333333331,103.66666666666669,117.0,114.33333333333331,6.0,-13.333333333333329,118.0,108.2,118.8,119.4,-1.4000000000000057,-10.599999999999994,116.5,114.0,118.25,118.0,-1.5,-4.25,1,-2,9.8,-18.8,0,0,1,1,2,2,4,4,0,0,0,0,0,0,0,0,0,2.888888888888889,-8.0,103.42,,0,0,0,1,0,1,-2,-4,0.25,1.0,6.45,14.4
22500034,2025-11-07,MEM,DAL,118.0,104.0,222.0,True,1610612763.0,104.2,108.8,111.5,-2.7,,0.509,1610612742.0,102.0,100.9,105.9,-5.0,,0.487,2.200000000000003,7.899999999999992,5.599999999999994,2.3,,0.022,1,0,2,1,2.0,2.0,0,0,0,1,0,1,106.33333333333331,103.66666666666669,118.33333333333331,111.0,-4.666666666666671,-14.666666666666655,109.0,102.4,117.0,107.8,1.2000000000000028,-14.599999999999994,114.77777777777776,106.25,120.77777777777776,113.75,1.0277777777777717,-14.527777777777771,1,-4,-5.4,-6.8,0,0,1,1,2,2,4,4,0,0,0,0,0,0,0,0,0,-4.0,-8.222222222222221,103.1,,0,0,0,1,0,1,-2,-2,0.0,0.5,0.0,10.4
22500030,2025-11-07,ATL,TOR,97.0,109.0,206.0,True,1610612737.0,103.41,112.4,112.0,0.5,,0.542,1610612761.0,105.41,112.2,106.5,5.8,,0.548,-2.0,0.2000000000000028,5.5,-5.3,,-0.006,1,0,1,0,3.0,3.0,0,0,0,1,0,1,121.33333333333331,119.0,112.33333333333331,101.66666666666669,19.666666666666657,6.666666666666671,120.8,116.2,115.4,113.0,7.799999999999997,0.7999999999999972,116.625,120.5,117.375,118.0,-1.375,3.125,-1,4,4.0,9.2,0,0,0,0,2,2,3,3,0,0,0,0,0,0,0,0,0,-2.0,3.5555555555555554,104.41,256.0,0,0,0,1,0,1,2,2,1.0,0.0,17.8,0.0
22500032,2025-11-07,SAS,HOU,121.0,110.0,231.0,True,1610612759.0,100.52,109.9,104.3,5.6,,0.539,1610612745.0,102.57,114.5,110.3,4.2,,0.528,-2.049999999999997,-4.599999999999994,-6.0,1.3999999999999997,,0.011,0,1,0,1,2.0,2.0,0,0,0,1,0,2,113.66666666666669,120.66666666666669,116.33333333333331,104.0,9.666666666666671,4.333333333333343,116.0,127.6,111.8,108.4,7.599999999999994,15.799999999999995,117.85714285714286,124.71428571428572,109.57142857142856,111.71428571428572,6.142857142857153,15.14285714285714,1,-1,4.2,11.4,0,0,0,1,2,2,3,4,0,0,0,0,0,0,0,0,0,8.625,10.0,101.545,,0,0,0,1,0,1,1,-2,1.0,0.0,14.0,0.0
22500031,2025-11-07,BKN,DET,107.0,125.0,232.0,True,1610612751.0,102.16,108.1,117.5,-9.5,,0.502,1610612765.0,102.25,111.9,107.1,4.8,,0.518,-0.0900000000000034,-3.8000000000000114,10.400000000000006,-14.3,,-0.016,0,0,2,1,2.0,2.0,0,0,0,1,0,1,108.66666666666669,116.66666666666669,119.0,106.33333333333331,2.333333333333343,-2.3333333333333286,109.4,116.0,122.2,110.2,-0.7999999999999972,-6.200000000000003,111.875,115.625,124.5,111.25,0.625,-8.875,-1,5,-10.8,13.6,0,0,1,1,2,2,4,4,0,0,0,0,0,0,0,0,0,-13.22222222222222,5.888888888888889,102.205,,0,0,0,1,0,1,-2,-2,1.0,2.0,21.4,24.5
22500029,2025-11-07,WAS,CLE,114.0,148.0,262.0,True,1610612764.0,104.8,101.7,114.3,-12.6,,0.512,1610612739.0,102.45,111.4,109.5,1.9,,0.517,2.3499999999999943,-9.700000000000005,4.799999999999997,-14.5,,-0.005,0,0,0,0,2.0,2.0,0,0,0,1,0,1,101.0,116.66666666666669,126.66666666666669,114.0,-13.0,-10.0,109.0,114.2,129.2,112.4,-3.4000000000000057,-14.999999999999986,111.875,116.375,128.125,114.75,-2.875,-11.75,-7,3,-26.0,4.4,0,0,1,0,2,2,4,3,0,0,0,0,0,0,0,0,0,-18.22222222222222,5.222222222222222,103.625,,0,0,0,1,0,1,-2,1,1.25,0.1,14.7,1.67
22500028,2025-11-07,ORL,BOS,123.0,110.0,233.0,True,1610612753.0,103.6,105.4,110.7,-5.3,,0.505,1610612738.0,100.03,113.1,106.4,6.8,,0.515,3.569999999999993,-7.699999999999989,4.299999999999997,-12.1,,-0.01,0,0,0,0,3.0,2.0,0,0,0,1,0,1,120.0,113.33333333333331,109.33333333333331,113.33333333333331,6.666666666666671,4.0,120.0,114.8,119.8,110.6,9.400000000000006,-5.0,116.25,113.33333333333331,117.625,109.33333333333331,6.916666666666671,-4.291666666666671,1,-1,5.2,-2.4,0,0,0,1,2,2,3,4,0,0,0,0,0,0,0,0,0,0.2222222222222222,2.3,101.815,,0,0,0,1,0,1,2,-2,0.0,0.0,0.0,0.0
22500033,2025-11-07,MIA,CHA,126.0,108.0,234.0,True,1610612748.0,106.33,108.3,108.0,0.3,,0.545,1610612766.0,103.62,115.6,109.0,6.6,,0.557,2.7099999999999937,-7.299999999999997,-1.0,-6.3,,-0.012,0,1,0,1,2.0,3.0,0,0,0,1,0,2,117.33333333333331,114.33333333333331,123.66666666666669,113.66666666666669,3.666666666666657,-9.333333333333345,119.4,113.4,119.0,121.6,-2.1999999999999886,-5.599999999999994,122.375,120.375,117.625,120.375,2.0,2.75,1,-2,-1.4,-6.4,0,0,1,1,2,2,4,4,0,0,0,0,0,0,0,0,0,6.222222222222222,-2.0,104.975,261.0,0,0,0,1,0,1,-2,-1,1.0,1.35,19.9,21.935000000000002
22500189,2025-11-08,DEN,IND,,,,False,1610612743.0,102.17,115.4,107.6,7.7,,0.546,1610612754.0,104.24,108.4,115.2,-6.7,,0.501,-2.069999999999993,7.0,-7.600000000000008,14.4,,0.045,2,0,3,0,1.0,3.0,1,0,0,1,0,1,127.0,110.66666666666669,113.33333333333331,112.66666666666669,14.333333333333329,-2.666666666666657,122.0,109.0,107.4,114.6,7.400000000000006,1.5999999999999943,125.125,111.625,112.375,119.5,5.625,-0.75,3,-2,14.6,-5.6,1,0,1,0,3,2,4,3,0,0,0,0,0,0,0,0,1,12.75,-7.875,103.205,,0,0,0,1,0,1,-6,2,0.0,0.0,0.0,0.0
22500183,2025-11-08,WAS,DAL,,,,False,1610612764.0,104.8,101.7,114.3,-12.6,,0.512,1610612742.0,102.0,100.9,105.9,-5.0,,0.487,2.799999999999997,0.7999999999999972,8.399999999999991,-7.6,,0.025,1,1,1,2,1.0,1.0,1,1,0,1,0,2,107.66666666666669,101.66666666666669,134.33333333333334,109.66666666666669,-2.0,-32.66666666666667,105.0,104.4,131.0,111.2,-6.200000000000003,-26.59999999999999,112.11111111111111,106.0,130.33333333333334,114.22222222222224,-2.1111111111111143,-24.333333333333343,-7,-4,-26.0,-6.8,1,1,1,1,3,3,4,4,0,0,0,0,0,0,0,0,1,-18.22222222222222,-8.222222222222221,103.4,224.0,0,0,0,1,0,1,-6,-6,1.25,0.5,14.7,10.4
22500184,2025-11-08,PHI,TOR,,,,False,1610612755.0,101.72,110.4,110.3,0.1,,0.514,1610612761.0,105.41,112.2,106.5,5.8,,0.548,-3.6899999999999977,-1.7999999999999972,3.799999999999997,-5.7,,-0.034,0,1,0,1,3.0,1.0,0,1,0,1,0,2,120.33333333333331,118.0,116.66666666666669,100.33333333333331,20.0,1.3333333333333286,121.6,117.4,118.6,108.2,13.399999999999991,-1.1999999999999886,123.25,119.22222222222224,119.25,115.66666666666669,7.583333333333329,-0.0277777777777714,-2,4,3.0,9.2,0,0,1,1,2,2,4,4,0,0,0,0,0,0,0,0,0,4.0,3.5555555555555554,103.565,,0,0,0,1,0,1,-1,-4,0.0,0.0,0.0,0.0
22500185,2025-11-08,ATL,LAL,,,,False,1610612737.0,103.41,112.4,112.0,0.5,,0.542,1610612747.0,100.88,110.6,110.1,0.5,,0.54,2.530000000000001,1.8000000000000114,1.9000000000000057,0.0,,0.002,1,0,2,1,1.0,3.0,1,0,0,1,0,1,111.0,123.66666666666669,112.66666666666669,117.0,-6.0,11.0,115.6,120.8,111.6,115.6,0.0,9.200000000000005,114.44444444444444,119.55555555555556,116.44444444444444,116.55555555555556,-2.1111111111111143,3.1111111111111143,-1,5,4.0,5.2,0,0,1,1,2,2,4,4,0,0,0,0,0,0,0,0,1,-2.0,3.0,102.145,,0,0,0,1,0,1,-4,-1,1.0,0.0,17.8,0.0
22500186,2025-11-08,CLE,CHI,,,,False,1610612739.0,102.45,111.4,109.5,1.9,,0.517,1610612741.0,105.81,112.4,112.3,0.2,,0.552,-3.359999999999999,-1.0,-2.799999999999997,1.7,,-0.035,1,1,1,1,1.0,1.0,0,1,0,1,0,2,132.33333333333334,113.0,114.66666666666669,121.66666666666669,10.666666666666671,-1.6666666666666714,120.6,120.0,116.2,120.6,0.0,3.799999999999997,119.88888888888889,119.125,114.66666666666669,116.875,3.0138888888888857,4.458333333333329,3,-1,4.4,-0.6,1,0,1,1,3,2,4,4,0,0,0,0,0,0,0,0,0,5.222222222222222,2.25,104.13,,0,0,0,1,0,1,-5,-4,0.1,0.25,1.67,3.675
22500187,2025-11-08,MIA,POR,,,,False,1610612748.0,106.33,108.3,108.0,0.3,,0.545,1610612757.0,106.44,111.2,107.2,4.0,,0.519,-0.1099999999999994,-2.9000000000000057,0.7999999999999972,-3.7,,0.026,1,0,1,0,1.0,3.0,1,0,0,1,0,1,119.33333333333331,115.0,116.33333333333331,116.33333333333331,3.0,-1.3333333333333286,115.8,120.6,117.2,118.2,-2.4000000000000057,3.3999999999999915,122.77777777777776,120.375,116.55555555555556,117.75,5.0277777777777715,3.819444444444443,1,1,-1.4,2.4,1,0,1,0,3,2,5,3,0,0,0,0,0,0,0,0,1,6.222222222222222,2.625,106.385,,0,0,0,1,0,1,-6,2,1.0,0.0,19.9,0.0
22500188,2025-11-08,SAS,NOP,,,,False,1610612759.0,100.52,109.9,104.3,5.6,,0.539,1610612740.0,103.58,102.8,114.8,-12.0,,0.48,-3.0600000000000023,7.1000000000000085,-10.5,17.6,,0.059,1,1,1,1,1.0,3.0,1,0,0,1,0,2,118.33333333333331,107.66666666666669,119.33333333333331,116.0,2.3333333333333286,-11.666666666666655,116.6,107.0,112.4,119.2,-2.6000000000000085,-5.400000000000006,118.25,107.875,109.625,120.75,-2.5,-1.75,1,2,4.2,-12.2,1,0,1,1,3,2,4,4,0,0,0,0,0,0,0,0,0,8.625,-12.875,102.05,236.0,0,0,0,1,0,1,-6,-1,1.0,0.0,14.0,0.0
22500190,2025-11-08,LAC,PHX,,,,False,1610612746.0,100.81,106.9,109.9,-3.0,,0.533,1610612756.0,103.38,109.5,110.7,-1.1,,0.539,-2.569999999999993,-2.5999999999999943,-0.7999999999999972,-1.9,,-0.006,0,0,2,1,2.0,2.0,0,0,0,1,0,1,109.33333333333331,117.33333333333331,120.33333333333331,112.66666666666669,-3.333333333333343,-3.0,106.6,116.6,116.6,109.6,-3.0,0.0,110.5,116.66666666666669,115.125,118.22222222222224,-7.7222222222222285,1.5416666666666714,-3,1,-10.0,7.0,0,0,1,1,2,2,4,4,0,0,0,0,0,0,0,0,0,-4.625,-1.5555555555555556,102.095,224.0,0,0,0,1,0,1,-2,-2,0.0,0.0,0.0,0.0
