GAME_ID,TEAM_ID,TEAM_ABBREVIATION,TEAM_CITY_NAME,TEAM_NAME,PTS
22500092,1610612761,TOR,,,116.0
22500090,1610612753,ORL,,,107.0
22500018,1610612752,NYK,,,105.0
22500091,1610612751,BKN,,,124.0
22500093,1610612745,HOU,,,111.0
22500094,1610612763,MEM,,,114.0
22500095,1610612740,NOP,,,116.0
22500096,1610612742,DAL,,,107.0
22500019,1610612747,LAL,,,128.0
22500097,1610612757,POR,,,139.0
22500098,1610612758,SAC,,,105.0
22500099,1610612746,LAC,,,129.0
22500092,1610612749,MIL,,,122.0
22500090,1610612737,ATL,,,111.0
22500018,1610612738,BOS,,,95.0
22500091,1610612739,CLE,,,131.0
22500093,1610612765,DET,,,115.0
22500094,1610612748,MIA,,,146.0
22500095,1610612759,SAS,,,120.0
22500096,1610612764,WAS,,,117.0
22500019,1610612750,MIN,,,110.0
22500097,1610612744,GSW,,,119.0
22500098,1610612762,UTA,,,104.0
22500099,1610612756,PHX,,,102.0
22500100,1610612753,ORL,,,98.0
22500101,1610612737,ATL,,,100.0
22500102,1610612755,PHI,,,125.0
22500100,1610612741,CHI,,,110.0
22500101,1610612760,OKC,,,117.0
22500102,1610612766,CHA,,,121.0
22500103,1610612763,MEM,,,128.0
22500104,1610612743,DEN,,,133.0
22500103,1610612754,IND,,,103.0
22500104,1610612756,PHX,,,111.0
22500105,1610612759,SAS,,,118.0
22500106,1610612765,DET,,,119.0
22500107,1610612739,CLE,,,118.0
22500108,1610612748,MIA,,,115.0
22500109,1610612764,WAS,,,113.0
22500110,1610612750,MIN,,,114.0
22500111,1610612742,DAL,,,139.0
22500105,1610612751,BKN,,,107.0
22500106,1610612738,BOS,,,113.0
22500107,1610612749,MIL,,,113.0
22500108,1610612752,NYK,,,107.0
22500109,1610612766,CHA,,,139.0
22500110,1610612754,IND,,,110.0
22500111,1610612761,TOR,,,129.0
22500112,1610612746,LAC,,,114.0
22500113,1610612758,SAC,,,120.0
22500112,1610612757,POR,,,107.0
22500113,1610612747,LAL,,,127.0
22500007,1610612765,DET,,,95.0
22500114,1610612755,PHI,,,136.0
22500007,1610612739,CLE,,,116.0
22500114,1610612753,ORL,,,124.0
22500115,1610612741,CHI,,,128.0
22500116,1610612745,HOU,,,137.0
22500117,1610612740,NOP,,,90.0
22500118,1610612759,SAS,,,121.0
22500119,1610612742,DAL,,,94.0
22500120,1610612762,UTA,,,138.0
22500008,1610612750,MIN,,,114.0
22500121,1610612744,GSW,,,131.0
22500122,1610612747,LAL,,,108.0
22500115,1610612737,ATL,,,123.0
22500116,1610612751,BKN,,,109.0
22500117,1610612738,BOS,,,122.0
22500118,1610612761,TOR,,,103.0
22500119,1610612760,OKC,,,101.0
22500120,1610612756,PHX,,,134.0
22500008,1610612743,DEN,,,127.0
22500121,1610612763,MEM,,,118.0
22500122,1610612757,POR,,,122.0
22500123,1610612764,WAS,,,134.0
22500124,1610612748,MIA,,,144.0
22500123,1610612755,PHI,,,139.0
22500124,1610612766,CHA,,,117.0
22500125,1610612749,MIL,,,121.0
22500126,1610612760,OKC,,,107.0
22500127,1610612744,GSW,,,98.0
22500125,1610612752,NYK,,,111.0
22500126,1610612758,SAC,,,101.0
22500127,1610612746,LAC,,,79.0
22500131,1610612761,TOR,,,121.0
22500128,1610612738,BOS,,,125.0
22500129,1610612765,DET,,,135.0
22500130,1610612751,BKN,,,112.0
22500131,1610612745,HOU,,,139.0
22500128,1610612739,CLE,,,105.0
22500129,1610612753,ORL,,,116.0
22500130,1610612737,ATL,,,117.0
22500132,1610612741,CHI,,,126.0
22500133,1610612742,DAL,,,107.0
22500134,1610612743,DEN,,,122.0
22500135,1610612762,UTA,,,134.0
22500136,1610612750,MIN,,,115.0
22500137,1610612756,PHX,,,113.0
22500132,1610612758,SAC,,,113.0
22500133,1610612754,IND,,,105.0
22500134,1610612740,NOP,,,88.0
22500135,1610612757,POR,,,136.0
22500136,1610612747,LAL,,,116.0
22500137,1610612763,MEM,,,114.0
22500138,1610612766,CHA,,,107.0
22500138,1610612753,ORL,,,123.0
22500020,1610612754,IND,,,108.0
22500021,1610612755,PHI,,,108.0
22500022,1610612739,CLE,,,101.0
22500020,1610612737,ATL,,,128.0
22500021,1610612738,BOS,,,109.0
22500022,1610612761,TOR,,,112.0
22500139,1610612749,MIL,,,120.0
22500140,1610612760,OKC,,,127.0
22500141,1610612759,SAS,,,107.0
22500139,1610612744,GSW,,,110.0
22500140,1610612764,WAS,,,108.0
22500141,1610612748,MIA,,,101.0
22500142,1610612749,MIL,,,133.0
22500143,1610612766,CHA,,,105.0
22500144,1610612754,IND,,,114.0
22500145,1610612764,WAS,,,94.0
22500142,1610612758,SAC,,,135.0
22500143,1610612750,MIN,,,122.0
22500144,1610612744,GSW,,,109.0
22500145,1610612753,ORL,,,125.0
22500146,1610612738,BOS,,,101.0
22500147,1610612765,DET,,,122.0
22500146,1610612745,HOU,,,128.0
22500147,1610612742,DAL,,,110.0
22500148,1610612760,OKC,,,137.0
22500149,1610612751,BKN,,,105.0
22500150,1610612766,CHA,,,126.0
22500151,1610612739,CLE,,,117.0
22500152,1610612761,TOR,,,117.0
22500148,1610612740,NOP,,,106.0
22500149,1610612755,PHI,,,129.0
22500150,1610612762,UTA,,,103.0
22500151,1610612737,ATL,,,109.0
22500152,1610612763,MEM,,,104.0
22500153,1610612752,NYK,,,128.0
22500154,1610612756,PHX,,,130.0
22500155,1610612747,LAL,,,130.0
22500153,1610612741,CHI,,,116.0
22500154,1610612759,SAS,,,118.0
22500155,1610612748,MIA,,,120.0
22500156,1610612751,BKN,,,109.0
22500157,1610612754,IND,,,115.0
22500158,1610612738,BOS,,,103.0
22500159,1610612752,NYK,,,119.0
22500160,1610612745,HOU,,,110.0
22500161,1610612763,MEM,,,106.0
22500162,1610612743,DEN,,,130.0
22500163,1610612757,POR,,,115.0
22500164,1610612746,LAC,,,119.0
22500156,1610612750,MIN,,,125.0
22500157,1610612749,MIL,,,117.0
22500158,1610612762,UTA,,,105.0
22500159,1610612764,WAS,,,102.0
22500160,1610612742,DAL,,,102.0
22500161,1610612765,DET,,,114.0
22500162,1610612758,SAC,,,124.0
22500163,1610612747,LAL,,,123.0
22500164,1610612748,MIA,,,120.0
22500165,1610612761,TOR,,,128.0
22500166,1610612737,ATL,,,127.0
22500167,1610612741,CHI,,,113.0
22500168,1610612740,NOP,,,116.0
22500169,1610612744,GSW,,,118.0
22500170,1610612746,LAC,,,107.0
22500165,1610612749,MIL,,,100.0
22500166,1610612753,ORL,,,112.0
22500167,1610612755,PHI,,,111.0
22500168,1610612766,CHA,,,112.0
22500169,1610612756,PHX,,,107.0
22500170,1610612760,OKC,,,126.0
22500171,1610612739,CLE,,,132.0
22500172,1610612765,DET,,,114.0
22500173,1610612754,IND,,,103.0
22500174,1610612738,BOS,,,136.0
22500175,1610612752,NYK,,,137.0
22500176,1610612763,MEM,,,109.0
22500177,1610612742,DAL,,,99.0
22500178,1610612743,DEN,,,122.0
22500179,1610612747,LAL,,,118.0
22500180,1610612757,POR,,,121.0
22500181,1610612758,SAC,,,121.0
22500171,1610612755,PHI,,,121.0
22500172,1610612762,UTA,,,103.0
22500173,1610612751,BKN,,,112.0
22500174,1610612764,WAS,,,107.0
22500175,1610612750,MIN,,,114.0
22500176,1610612745,HOU,,,124.0
22500177,1610612740,NOP,,,101.0
22500178,1610612748,MIA,,,112.0
22500179,1610612759,SAS,,,116.0
22500180,1610612760,OKC,,,119.0
22500181,1610612744,GSW,,,116.0
22500182,1610612756,PHX,,,115.0
22500182,1610612746,LAC,,,102.0
22500028,1610612753,ORL,,,123.0
22500029,1610612764,WAS,,,114.0
22500030,1610612737,ATL,,,97.0
22500031,1610612751,BKN,,,107.0
22500032,1610612759,SAS,,,121.0
22500033,1610612748,MIA,,,126.0
22500034,1610612763,MEM,,,118.0
22500035,1610612749,MIL,,,126.0
22500036,1610612750,MIN,,,137.0
22500037,1610612743,DEN,,,129.0
22500038,1610612758,SAC,,,101.0
22500028,1610612738,BOS,,,110.0
22500029,1610612739,CLE,,,148.0
22500030,1610612761,TOR,,,109.0
22500031,1610612765,DET,,,125.0
22500032,1610612745,HOU,,,110.0
22500033,1610612766,CHA,,,108.0
22500034,1610612742,DAL,,,104.0
22500035,1610612741,CHI,,,110.0
22500036,1610612762,UTA,,,97.0
22500037,1610612744,GSW,,,104.0
22500038,1610612760,OKC,,,132.0
22500183,1610612764,WAS,,,105.0
22500184,1610612755,PHI,,,130.0
22500185,1610612737,ATL,,,122.0
22500186,1610612739,CLE,,,128.0
22500187,1610612748,MIA,,,136.0
22500188,1610612759,SAS,,,126.0
22500189,1610612743,DEN,,,117.0
22500190,1610612746,LAC,,,103.0
22500183,1610612742,DAL,,,111.0
22500184,1610612761,TOR,,,120.0
22500185,1610612747,LAL,,,102.0
22500186,1610612741,CHI,,,122.0
22500187,1610612757,POR,,,131.0
22500188,1610612740,NOP,,,119.0
22500189,1610612754,IND,,,100.0
22500190,1610612756,PHX,,,114.0
22500191,1610612749,MIL,,,115.0
22500192,1610612752,NYK,,,134.0
22500193,1610612753,ORL,,,107.0
22500194,1610612763,MEM,,,100.0
22500191,1610612745,HOU,,,122.0
22500192,1610612751,BKN,,,98.0
22500193,1610612738,BOS,,,111.0
22500194,1610612760,OKC,,,114.0
22500195,1610612755,PHI,,,108.0
22500196,1610612744,GSW,,,114.0
22500197,1610612758,SAC,,,117.0
22500195,1610612765,DET,,,111.0
22500196,1610612754,IND,,,83.0
22500197,1610612750,MIN,,,144.0
22500198,1610612766,CHA,,,111.0
22500199,1610612765,DET,,,137.0
22500200,1610612753,ORL,,,115.0
22500201,1610612748,MIA,,,140.0
22500202,1610612741,CHI,,,117.0
22500203,1610612742,DAL,,,114.0
22500204,1610612756,PHX,,,121.0
22500205,1610612762,UTA,,,113.0
22500206,1610612746,LAC,,,102.0
22500198,1610612747,LAL,,,121.0
22500199,1610612764,WAS,,,135.0
22500200,1610612757,POR,,,112.0
22500201,1610612739,CLE,,,138.0
22500202,1610612759,SAS,,,121.0
22500203,1610612749,MIL,,,116.0
22500204,1610612740,NOP,,,98.0
22500205,1610612750,MIN,,,120.0
22500206,1610612737,ATL,,,105.0
22500212,1610612758,SAC,,,
22500207,1610612751,BKN,,,109.0
22500208,1610612752,NYK,,,133.0
22500209,1610612755,PHI,,,102.0
22500210,1610612760,OKC,,,126.0
22500211,1610612762,UTA,,,152.0
22500212,1610612743,DEN,,,
22500207,1610612761,TOR,,,119.0
22500208,1610612763,MEM,,,120.0
22500209,1610612738,BOS,,,100.0
22500210,1610612744,GSW,,,102.0
22500211,1610612754,IND,,,128.0
22500213,1610612766,CHA,,,111.0
22500214,1610612765,DET,,,124.0
22500215,1610612752,NYK,,,107.0
22500216,1610612738,BOS,,,131.0
22500217,1610612748,MIA,,,116.0
22500218,1610612745,HOU,,,135.0
22500219,1610612740,NOP,,,117.0
22500220,1610612759,SAS,,,120.0
22500221,1610612742,DAL,,,114.0
22500222,1610612760,OKC,,,121.0
22500223,1610612758,SAC,,,100.0
22500224,1610612746,LAC,,,116.0
22500213,1610612749,MIL,,,100.0
22500214,1610612741,CHI,,,113.0
22500215,1610612753,ORL,,,124.0
22500216,1610612763,MEM,,,95.0
22500217,1610612739,CLE,,,130.0
22500218,1610612764,WAS,,,112.0
22500219,1610612757,POR,,,125.0
22500220,1610612744,GSW,,,125.0
22500221,1610612756,PHX,,,123.0
22500222,1610612747,LAL,,,92.0
22500223,1610612737,ATL,,,133.0
22500224,1610612743,DEN,,,130.0
22500225,1610612739,CLE,,,113.0
22500226,1610612756,PHX,,,133.0
22500227,1610612762,UTA,,,122.0
22500225,1610612761,TOR,,,126.0
22500226,1610612754,IND,,,98.0
22500227,1610612737,ATL,,,132.0
22500233,1610612738,BOS,,,121.0
22500234,1610612759,SAS,,,123.0
22500235,1610612764,WAS,,,106.0
22500233,1610612746,LAC,,,118.0
22500234,1610612758,SAC,,,110.0
22500235,1610612751,BKN,,,129.0
22500236,1610612745,HOU,,,117.0
22500237,1610612740,NOP,,,106.0
22500238,1610612742,DAL,,,138.0
22500239,1610612756,PHX,,,122.0
22500240,1610612762,UTA,,,150.0
22500236,1610612753,ORL,,,113.0
22500237,1610612744,GSW,,,124.0
22500238,1610612757,POR,,,133.0
22500239,1610612737,ATL,,,124.0
22500240,1610612741,CHI,,,147.0
22500241,1610612739,CLE,,,118.0
22500242,1610612765,DET,,,127.0
22500243,1610612755,PHI,,,110.0
22500244,1610612748,MIA,,,115.0
22500245,1610612761,TOR,,,110.0
22500246,1610612750,MIN,,,120.0
22500247,1610612740,NOP,,,109.0
22500248,1610612743,DEN,,,127.0
22500241,1610612749,MIL,,,106.0
22500242,1610612754,IND,,,112.0
22500243,1610612746,LAC,,,108.0
22500244,1610612752,NYK,,,113.0
22500245,1610612766,CHA,,,108.0
22500246,1610612742,DAL,,,96.0
22500247,1610612760,OKC,,,126.0
22500248,1610612741,CHI,,,130.0
22500249,1610612753,ORL,,,121.0
22500250,1610612751,BKN,,,99.0
22500251,1610612737,ATL,,,112.0
22500252,1610612759,SAS,,,111.0
22500253,1610612747,LAL,,,140.0
22500254,1610612757,POR,,,110.0
22500249,1610612744,GSW,,,113.0
22500250,1610612738,BOS,,,113.0
22500251,1610612765,DET,,,120.0
22500252,1610612763,MEM,,,101.0
22500253,1610612762,UTA,,,126.0
22500254,1610612756,PHX,,,127.0
22500255,1610612739,CLE,,,104.0
22500256,1610612754,IND,,,127.0
22500258,1610612755,PHI,,,112.0
22500257,1610612748,MIA,,,110.0
22500259,1610612750,MIN,,,120.0
22500260,1610612740,NOP,,,118.0
22500261,1610612760,OKC,,,113.0
22500262,1610612742,DAL,,,111.0
22500263,1610612757,POR,,,121.0
22500255,1610612745,HOU,,,114.0
22500256,1610612766,CHA,,,118.0
22500258,1610612761,TOR,,,121.0
22500257,1610612744,GSW,,,96.0
22500259,1610612764,WAS,,,109.0
22500260,1610612743,DEN,,,125.0
22500261,1610612758,SAC,,,99.0
22500262,1610612752,NYK,,,113.0
22500263,1610612741,CHI,,,122.0
22500264,1610612753,ORL,,,129.0
22500265,1610612763,MEM,,,137.0
22500266,1610612749,MIL,,,114.0
22500267,1610612759,SAS,,,135.0
22500264,1610612746,LAC,,,101.0
22500265,1610612758,SAC,,,96.0
22500266,1610612755,PHI,,,123.0
22500267,1610612737,ATL,,,126.0
22500048,1610612739,CLE,,,120.0
22500049,1610612738,BOS,,,105.0
22500050,1610612761,TOR,,,140.0
22500051,1610612741,CHI,,,107.0
22500052,1610612742,DAL,,,118.0
22500053,1610612756,PHX,,,114.0
22500054,1610612745,HOU,,,109.0
22500055,1610612762,UTA,,,112.0
22500056,1610612744,GSW,,,123.0
22500048,1610612754,IND,,,109.0
22500049,1610612751,BKN,,,113.0
22500050,1610612764,WAS,,,110.0
22500051,1610612748,MIA,,,143.0
22500052,1610612740,NOP,,,115.0
22500053,1610612750,MIN,,,113.0
22500054,1610612743,DEN,,,112.0
22500055,1610612760,OKC,,,144.0
22500056,1610612757,POR,,,127.0
22500268,1610612766,CHA,,,116.0
22500269,1610612753,ORL,,,133.0
22500268,1610612746,LAC,,,131.0
22500269,1610612752,NYK,,,121.0
22500270,1610612740,NOP,,,98.0
22500271,1610612741,CHI,,,121.0
22500272,1610612749,MIL,,,116.0
22500273,1610612742,DAL,,,96.0
22500274,1610612743,DEN,,,123.0
22500270,1610612737,ATL,,,115.0
22500271,1610612764,WAS,,,120.0
22500272,1610612765,DET,,,129.0
22500273,1610612763,MEM,,,102.0
22500274,1610612758,SAC,,,128.0
22500275,1610612755,PHI,,,117.0
22500276,1610612737,ATL,,,113.0
22500277,1610612738,BOS,,,138.0
22500278,1610612739,CLE,,,120.0
22500279,1610612761,TOR,,,119.0
22500275,1610612748,MIA,,,127.0
22500276,1610612766,CHA,,,110.0
22500277,1610612753,ORL,,,129.0
22500278,1610612746,LAC,,,105.0
22500279,1610612751,BKN,,,109.0
22500280,1610612760,OKC,,,122.0
22500281,1610612756,PHX,,,111.0
22500282,1610612762,UTA,,,106.0
22500280,1610612757,POR,,,95.0
22500281,1610612759,SAS,,,102.0
22500282,1610612747,LAL,,,108.0
