GAME_DATE,HOME_TEAM,AWAY_TEAM,PREDICTED_POINTS,FINAL_LINE,CLOSING_LINE,CURRENT_LINE,BASE_LINE,RUN_TS
2025-11-10,UTA,MIN,242.0177939567766,234.76111111111112,,,,2025-11-10T13:15:13.135461+00:00
2025-11-10,CHA,LAL,233.32871181058434,237.45,,,,2025-11-10T13:15:13.135461+00:00
2025-11-10,DET,WAS,231.78854650276813,233.2,,,,2025-11-10T13:15:13.135461+00:00
2025-11-10,ORL,POR,235.7163189750159,236.76666666666665,,,,2025-11-10T13:15:13.135461+00:00
2025-11-10,MIA,CLE,239.73562920012992,239.1,,,,2025-11-10T13:15:13.135461+00:00
2025-11-10,CHI,SAS,233.3719745554667,233.66666666666663,,,,2025-11-10T13:15:13.135461+00:00
2025-11-10,DAL,MIL,236.8259021137066,229.15,,,,2025-11-10T13:15:13.135461+00:00
2025-11-10,PHX,NOP,228.4854346947886,231.77222222222224,,,,2025-11-10T13:15:13.135461+00:00
2025-11-10,LAC,ATL,231.1107604383863,227.43333333333337,,,,2025-11-10T13:15:13.135461+00:00
